manufacturer,model,year,engine_type,engine_volume,test_consumption,factory_consumption
אאודי,A-5,2017,בנזין,2,"נתוני יצרן: 16 ק""מ לליטר","מבחן כביש: 10 ק""מ לליטר"
אאודי,A-5,2017,חשמל,רגיל,"נתוני יצרן: טווח נסיעה - 5 ק""מ","מבחן כביש: טווח נסיעה - 10 ק""מ"
אאודי,A-6,2015,בנזין,1.8,"נתוני יצרן: 17.5 ק""מ לליטר","מבחן כביש: 11.5 ק""מ לליטר"
אאודי,A3,2019,בנזין,2,"נתוני יצרן: 16.9 ק""מ לליטר","מבחן כביש: 13.5 ק""מ לליטר"
אאודי,Q-2,2017,בנזין,1.4,"נתוני יצרן: 18.1 ק""מ לליטר","מבחן כביש: 13 ק""מ לליטר"
אאודי,Q-3,2015,בנזין,2,"נתוני יצרן: 14.9 ק""מ לליטר","מבחן כביש: 12 ק""מ לליטר"
אאודי,Q-5,2019,בנזין,2,"נתוני יצרן: 13.7 ק""מ לליטר","מבחן כביש: 10 ק""מ לליטר"
אאודי,Q-7,2015,בנזין,3,"נתוני יצרן: 12.7 ק""מ לליטר","מבחן כביש: 9 ק""מ לליטר"
אופל,אדם,2015,בנזין,1.4,"נתוני יצרן: ? ק""מ לליטר","מבחן כביש: 12.5 ק""מ לליטר"
אופל,אינסיגניה,2011,בנזין,2,"נתוני יצרן: ? ק""מ לליטר","מבחן כביש: 10.3 ק""מ לליטר"
אופל,אינסיגניה,2014,בנזין,1.6 T,"נתוני יצרן: 15.1 ק""מ לליטר","מבחן כביש: 10.8 ק""מ לליטר"
אופל,אינסיגניה,2016,בנזין,1.6,"נתוני יצרן: 14.2 ק""מ לליטר","מבחן כביש: 10.5 ק""מ לליטר"
אופל,אינסיגניה,2018,בנזין,1.5,"נתוני יצרן: 16.4 ק""מ לליטר","מבחן כביש: 11.4 ק""מ לליטר"
אופל,אינסיגניה,2019,בנזין,1.5,"נתוני יצרן: 16.4 ק""מ לליטר","מבחן כביש: 11.5 ק""מ לליטר"
אופל,אסטרה,2011,בנזין,1.6,"נתוני יצרן: ? ק""מ לליטר","מבחן כביש: 9.8 ק""מ לליטר"
אופל,אסטרה,2016,בנזין,1.4 טורבו,"נתוני יצרן: 18 ק""מ לליטר","מבחן כביש: 13 ק""מ לליטר"
אופל,אסטרה- סטיישן,2016,בנזין,1.4 טורבו,"נתוני יצרן: 17.8 ק""מ לליטר","מבחן כביש: 13 ק""מ לליטר"
אופל,ברלינה,2012,בנזין,1.4 טורבו,"נתוני יצרן: 15 ק""מ לליטר","מבחן כביש: 12 ק""מ לליטר"
אופל,ברלינה,2013,בנזין,1.6 טורבו,"נתוני יצרן: 13.9 ק""מ לליטר","מבחן כביש: 10.2 ק""מ לליטר"
אופל,ברלינה- טורר,2013,בנזין,1.4 טורבו,"נתוני יצרן: 15 ק""מ לליטר","מבחן כביש: 11.2 ק""מ לליטר"
אופל,גרנדלנד,2018,בנזין,1.2,"נתוני יצרן: 19.2 ק""מ לליטר","מבחן כביש: 12 ק""מ לליטר"
אופל,גרנדלנד,2020,בנזין,1.2,"נתוני יצרן: 18.9 ק""מ לליטר","מבחן כביש: 12.5 ק""מ לליטר"
אופל,זפירה,2012,בנזין,1.4,"נתוני יצרן: ? ק""מ לליטר","מבחן כביש: 10.5 ק""מ לליטר"
אופל,זפירה,2017,בנזין,1.4,"נתוני יצרן: 14.5 ק""מ לליטר","מבחן כביש: 10.8 ק""מ לליטר"
אופל,מוקה,2014,בנזין,1.4,"נתוני יצרן: 14.7 ק""מ לליטר","מבחן כביש: 10.5 ק""מ לליטר"
אופל,מוקה,2014,בנזין,1.4 טורבו,"נתוני יצרן: 14.7 ק""מ לליטר","מבחן כביש: 10.5 ק""מ לליטר"
אופל,מוקה e,2022,חשמלי,"50 קוט""ש","נתוני יצרן: טווח נסיעה - 338 ק""מ","מבחן כביש: טווח נסיעה - 270 ק""מ"
אופל,מוקה X,2017,בנזין,1.4,"נתוני יצרן: 16.1 ק""מ לליטר","מבחן כביש: 12 ק""מ לליטר"
אופל,מריבה,2014,בנזין,1.4 טורבו,"נתוני יצרן: 13.8 ק""מ לליטר","מבחן כביש: 11.5 ק""מ לליטר"
אופל,קומבו,2020,בנזין,1.2 בנזין,"נתוני יצרן: 19.2 ק""מ לליטר","מבחן כביש: 12.5 ק""מ לליטר"
אופל,קומבו,2020,בנזין,1.5 דיזל,"נתוני יצרן: 23.3 ק""מ לליטר","מבחן כביש: 15.5 ק""מ לליטר"
אופל,קורסה,2010,בנזין,1.4,"נתוני יצרן: ? ק""מ לליטר","מבחן כביש: 12.2 ק""מ לליטר"
אופל,קורסה,2011,בנזין,1.4,"נתוני יצרן: ? ק""מ לליטר","מבחן כביש: 12 ק""מ לליטר"
אופל,קורסה,2015,בנזין,1.4,"נתוני יצרן: 20 ק""מ לליטר","מבחן כביש: 15.5 ק""מ לליטר"
אופל,קורסה,2020,בנזין,1.2,"נתוני יצרן: 22.5 ק""מ לליטר","מבחן כביש: 15.5 ק""מ לליטר"
אופל,קורסה,2021,חשמלי,סוללה 50 KWH,"נתוני יצרן: טווח נסיעה - 335 ק""מ","מבחן כביש: טווח נסיעה - 256 ק""מ"
אופל,קורסה OPC,2012,בנזין,1.6,"נתוני יצרן: ? ק""מ לליטר","מבחן כביש: 8.5 ק""מ לליטר"
אופל,קרוסלנד,2018,בנזין,1.2,"נתוני יצרן: 18.5 ק""מ לליטר","מבחן כביש: 12.5 ק""מ לליטר"
אופל,קרוסלנד,2020,בנזין,1.2,"נתוני יצרן: 20 ק""מ לליטר","מבחן כביש: 13.5 ק""מ לליטר"
אופל,קרוסלנד,2022,בנזין,1.2,"נתוני יצרן: 16.4 ק""מ לליטר","מבחן כביש: 12.5 ק""מ לליטר"
אייוויז,U5,2021,חשמלי,63 HWh,"נתוני יצרן: טווח נסיעה - 410 ק""מ","מבחן כביש: טווח נסיעה - 350 ק""מ"
אינפיניטי,EX-37,2010,בנזין,3.7,"נתוני יצרן: ? ק""מ לליטר","מבחן כביש: 7.9 ק""מ לליטר"
איסוזו,D-MAX,2015,בנזין,2.5,"נתוני יצרן: 11.9 ק""מ לליטר","מבחן כביש: 10.5 ק""מ לליטר"
איסוזו,D-MAX,2016,בנזין,2.5,"נתוני יצרן: 11.9 ק""מ לליטר","מבחן כביש: 10.5 ק""מ לליטר"
אם ג'י MG,350,2012,בנזין,1.5,"נתוני יצרן: ? ק""מ לליטר","מבחן כביש: 10 ק""מ לליטר"
אם ג'י MG,550,2010,בנזין,1.8,"נתוני יצרן: ? ק""מ לליטר","מבחן כביש: 8 ק""מ לליטר"
אם ג'י MG,ZS,2018,בנזין,1,"נתוני יצרן: 14.9 ק""מ לליטר","מבחן כביש: 11 ק""מ לליטר"
אם ג'י MG,ZS EV,2020,בנזין,חשמלי,"נתוני יצרן: 263 ק""מ לליטר","מבחן כביש: ? ק""מ לליטר"
אם ג'י MG,ZS EV,2021,חשמלי,45.6 KWH,"נתוני יצרן: טווח נסיעה - 263 ק""מ","מבחן כביש: טווח נסיעה - 245 ק""מ"
ב.מ.וו,318i,2016,בנזין,1.5,"נתוני יצרן: 17.6 ק""מ לליטר","מבחן כביש: 11 ק""מ לליטר"
ביואיק,לה קרוס,2010,בנזין,2.4,"נתוני יצרן: ? ק""מ לליטר","מבחן כביש: 8.2 ק""מ לליטר"
ביואיק,לה קרוס,2010,בנזין,3,"נתוני יצרן: ? ק""מ לליטר","מבחן כביש: 8.7 ק""מ לליטר"
ג'ילי,גיאומטרי C 350,2021,חשמלי,"סוללה 53 קוט""ש","נתוני יצרן: טווח נסיעה - 350 ק""מ","מבחן כביש: טווח נסיעה - 270 ק""מ"
ג'ילי,גיאומטרי C 350,2022,חשמלי,"53 קוט""ש","נתוני יצרן: טווח נסיעה - 350 ק""מ","מבחן כביש: טווח נסיעה - 318 ק""מ"
ג'ילי,גיאומטרי C 460,2021,חשמלי,"סוללה 70 קוט""ש","נתוני יצרן: טווח נסיעה - ? ק""מ","מבחן כביש: טווח נסיעה - ? ק""מ"
גנסיס,CV 70,2022,בנזין,2.5,"נתוני יצרן: 10.3 ק""מ לליטר","מבחן כביש: 8.5 ק""מ לליטר"
גנסיס,GV 80,2022,דיזל,3,"נתוני יצרן: 14.9 ק""מ לליטר","מבחן כביש: 11 ק""מ לליטר"
דאצ'יה,דאסטר,2015,בנזין,1.5 טורבו דיזל,"נתוני יצרן: 19.2 ק""מ לליטר","מבחן כביש: 14.5 ק""מ לליטר"
דאצ'יה,דאסטר,2021,בנזין,1.33,"נתוני יצרן: 15.6 ק""מ לליטר","מבחן כביש: 13 ק""מ לליטר"
דאצ'יה,לודג'י,2015,בנזין,1.2 בנזין,"נתוני יצרן: 15.6 ק""מ לליטר","מבחן כביש: 11.5 ק""מ לליטר"
דאצ'יה,לודג'י,2015,בנזין,1.5 דיזל,"נתוני יצרן: 21.2 ק""מ לליטר","מבחן כביש: 13.5 ק""מ לליטר"
דאצ'יה,סנדרו אוטו',2017,בנזין,0.9,"נתוני יצרן: 19 ק""מ לליטר","מבחן כביש: 13 ק""מ לליטר"
דוד'ג,ג'רני,2010,בנזין,2.4,"נתוני יצרן: ? ק""מ לליטר","מבחן כביש: 7 ק""מ לליטר"
דיהטסו,סיריון,2010,בנזין,1.3,"נתוני יצרן: ? ק""מ לליטר","מבחן כביש: 12.5 ק""מ לליטר"
הונדה,CRV,2013,בנזין,2,"נתוני יצרן: 13.3 ק""מ לליטר","מבחן כביש: 10.6 ק""מ לליטר"
הונדה,CRV,2015,בנזין,2,"נתוני יצרן: 13.3 ק""מ לליטר","מבחן כביש: 10.5 ק""מ לליטר"
הונדה,CRV,2020,בנזין,1.5,"נתוני יצרן: 14 ק""מ לליטר","מבחן כביש: 11 ק""מ לליטר"
הונדה,CRZ,2010,בנזין,1.5,"נתוני יצרן: ? ק""מ לליטר","מבחן כביש: 14.7 ק""מ לליטר"
הונדה,FRV,2009,בנזין,1.8,"נתוני יצרן: ? ק""מ לליטר","מבחן כביש: 11.2 ק""מ לליטר"
הונדה,HRV,2016,בנזין,1.5,"נתוני יצרן: 19.2 ק""מ לליטר","מבחן כביש: 12.5 ק""מ לליטר"
הונדה,HRV,2018,בנזין,1.5,"נתוני יצרן: 18.8 ק""מ לליטר","מבחן כביש: 14.5 ק""מ לליטר"
הונדה,HRV,2019,בנזין,1.5,"נתוני יצרן: 18.8 ק""מ לליטר","מבחן כביש: 14.5 ק""מ לליטר"
הונדה,HRV,2020,בנזין,1.5,"נתוני יצרן: 18.8 ק""מ לליטר","מבחן כביש: 14.5 ק""מ לליטר"
הונדה,אינסייט,2010,בנזין,1.4,"נתוני יצרן: ? ק""מ לליטר","מבחן כביש: 16.4 ק""מ לליטר"
הונדה,אינסייט,2012,בנזין,1.4,"נתוני יצרן: ? ק""מ לליטר","מבחן כביש: 16.7 ק""מ לליטר"
הונדה,אקורד,2009,בנזין,2,"נתוני יצרן: ? ק""מ לליטר","מבחן כביש: 10.2 ק""מ לליטר"
הונדה,אקורד,2014,בנזין,2,"נתוני יצרן: 21 ק""מ לליטר","מבחן כביש: 19.5 ק""מ לליטר"
הונדה,ג'אז,2011,בנזין,1.4,"נתוני יצרן: ? ק""מ לליטר","מבחן כביש: 17.3 ק""מ לליטר"
הונדה,ג'אז,2015,בנזין,1.3,"נתוני יצרן: 21.7 ק""מ לליטר","מבחן כביש: 16.6 ק""מ לליטר"
הונדה,ג'אז,2017,בנזין,1.3,"נתוני יצרן: 21.7 ק""מ לליטר","מבחן כביש: 16 ק""מ לליטר"
הונדה,ג'אז,2020,היברידי בנזין,1.5,"נתוני יצרן: 27.7 ק""מ לליטר","מבחן כביש: 22 ק""מ לליטר"
הונדה,סיוויק,2010,בנזין,1.4,"נתוני יצרן: ? ק""מ לליטר","מבחן כביש: 15.8 ק""מ לליטר"
הונדה,סיוויק,2017,בנזין,1.0 טורבו,"נתוני יצרן: 21.2 ק""מ לליטר","מבחן כביש: 12.5 ק""מ לליטר"
הונדה,סיוויק,2017,בנזין,1.5,"נתוני יצרן: 16.3 ק""מ לליטר","מבחן כביש: 11.5 ק""מ לליטר"
הונדה,סיוויק,2017,בנזין,1.5 טורבו,"נתוני יצרן: 16.3 ק""מ לליטר","מבחן כביש: 11.5 ק""מ לליטר"
הונדה,סיוויק,2018,בנזין,1,"נתוני יצרן: 21.2 ק""מ לליטר","מבחן כביש: 13.5 ק""מ לליטר"
הונדה,סיוויק,2018,בנזין,1.0 טורבו,"נתוני יצרן: 21.2 ק""מ לליטר","מבחן כביש: 13.3 ק""מ לליטר"
הונדה,סיוויק,2019,בנזין,1.0 טורבו,"נתוני יצרן: 21.2 ק""מ לליטר","מבחן כביש: 13.5 ק""מ לליטר"
הונדה,סיוויק,2019,בנזין,1.5 טורבו,"נתוני יצרן: 16.6 ק""מ לליטר","מבחן כביש: 12.5 ק""מ לליטר"
הונדה,סיוויק,2020,בנזין,1.5,"נתוני יצרן: 16.6 ק""מ לליטר","מבחן כביש: 13 ק""מ לליטר"
הונדה,"סיוויק - ארה""ב",2014,בנזין,1.8,"נתוני יצרן: 16.6 ק""מ לליטר","מבחן כביש: 12.4 ק""מ לליטר"
הונדה,סיוויק (4 דלתות),2010,בנזין,1.8,"נתוני יצרן: ? ק""מ לליטר","מבחן כביש: 11.2 ק""מ לליטר"
הונדה,סיוויק (4 דלתות),2013,בנזין,1.8,"נתוני יצרן: 15 ק""מ לליטר","מבחן כביש: 12.3 ק""מ לליטר"
הונדה,סיוויק (4 דלתות),2015,בנזין,1.8,"נתוני יצרן: 15 ק""מ לליטר","מבחן כביש: 12.5 ק""מ לליטר"
הונדה,סיוויק (5 דלתות),2011,בנזין,1.8,"נתוני יצרן: ? ק""מ לליטר","מבחן כביש: 12.6 ק""מ לליטר"
הונדה,סיוויק (5 דלתות),2012,בנזין,1.8,"נתוני יצרן: ? ק""מ לליטר","מבחן כביש: 12.9 ק""מ לליטר"
הונדה,סיוויק (5 דלתות),2015,בנזין,1.8,"נתוני יצרן: 15.8 ק""מ לליטר","מבחן כביש: 12.5 ק""מ לליטר"
הונדה,סיוויק טורר,2014,בנזין,1.8,"נתוני יצרן: 15.4 ק""מ לליטר","מבחן כביש: 11.8 ק""מ לליטר"
הונדה,סיוויק טורר,2016,בנזין,1.8,"נתוני יצרן: 15.3 ק""מ לליטר","מבחן כביש: 11.8 ק""מ לליטר"
הונדה,סיוויק סדאן,2018,בנזין,1.6,"נתוני יצרן: 14.9 ק""מ לליטר","מבחן כביש: 12.5 ק""מ לליטר"
הונדה,סיוויק סדאן,2019,בנזין,1.6,"נתוני יצרן: 15.8 ק""מ לליטר","מבחן כביש: 13 ק""מ לליטר"
וולוו,S 90,2016,בנזין,2.0 טורבו T6,"נתוני יצרן: 13.9 ק""מ לליטר","מבחן כביש: 8.5 ק""מ לליטר"
וולוו,S40,2010,בנזין,2,"נתוני יצרן: ? ק""מ לליטר","מבחן כביש: 8.9 ק""מ לליטר"
וולוו,S60,2011,בנזין,2,"נתוני יצרן: ? ק""מ לליטר","מבחן כביש: 8.4 ק""מ לליטר"
וולוו,s60 קינטיק,2012,בנזין,1.6 טורבו,"נתוני יצרן: 13.9 ק""מ לליטר","מבחן כביש: 10.4 ק""מ לליטר"
וולוו,s60 קינטיק,2014,בנזין,2.0 טורבו,"נתוני יצרן: 16.9 ק""מ לליטר","מבחן כביש: 10 ק""מ לליטר"
וולוו,V40,2013,בנזין,1.6  T4,"נתוני יצרן: 16.4 ק""מ לליטר","מבחן כביש: 12 ק""מ לליטר"
וולוו,XC-40,2018,בנזין,2,"נתוני יצרן: 13.8 ק""מ לליטר","מבחן כביש: 10 ק""מ לליטר"
וולוו,XC-40,2021,פלאג אין היברידי,1.5,"נתוני יצרן: 47 ק""מ לליטר","מבחן כביש: 21 ק""מ לליטר"
וולוו,XC-60,2011,בנזין,3,"נתוני יצרן: ? ק""מ לליטר","מבחן כביש: 7.5 ק""מ לליטר"
וולוו,XC-60,2018,בנזין,פלאג-אין 2.0,"נתוני יצרן: 47.6 ק""מ לליטר","מבחן כביש: 11.5 ק""מ לליטר"
וולוו,XC-90,2015,דיזל,2.0 טורבו דיזל,"נתוני יצרן: 17.5 ק""מ לליטר","מבחן כביש: 11.5 ק""מ לליטר"
טויוטה,CHR,2017,בנזין,היברידי 1.8,"נתוני יצרן: 26.6 ק""מ לליטר","מבחן כביש: 17 ק""מ לליטר"
טויוטה,CHR,2017,היברידי,היברידי 1.8,"נתוני יצרן: 26.6 ק""מ לליטר","מבחן כביש: 17 ק""מ לליטר"
טויוטה,CHR,2018,בנזין,1.8,"נתוני יצרן: 25.6 ק""מ לליטר","מבחן כביש: 18.5 ק""מ לליטר"
טויוטה,CHR,2019,בנזין,1.8,"נתוני יצרן: 25.6 ק""מ לליטר","מבחן כביש: 18.5 ק""מ לליטר"
טויוטה,CHR,2020,בנזין,1.8,"נתוני יצרן: 26.9 ק""מ לליטר","מבחן כביש: 18.5 ק""מ לליטר"
טויוטה,CHR,2020,היברידי,1.8,"נתוני יצרן: 26.9 ק""מ לליטר","מבחן כביש: 18.5 ק""מ לליטר"
טויוטה,CHR,2021,בנזין - היברידי,1.8,"נתוני יצרן: 20.4 ק""מ לליטר","מבחן כביש: 18.5 ק""מ לליטר"
טויוטה,CHR,2022,היברידי,1.8,"נתוני יצרן: 20.4 ק""מ לליטר","מבחן כביש: 19.5 ק""מ לליטר"
טויוטה,CHR,2022,היברידי,2022,"נתוני יצרן: ? ק""מ לליטר","מבחן כביש: ? ק""מ לליטר"
טויוטה,GT 86,2012,בנזין,2,"נתוני יצרן: 14 ק""מ לליטר","מבחן כביש: 9.8 ק""מ לליטר"
טויוטה,אוונסיס,2015,בנזין,2,"נתוני יצרן: 16.4 ק""מ לליטר","מבחן כביש: 11.3 ק""מ לליטר"
טויוטה,אוונסיס,2016,בנזין,1.8,"נתוני יצרן: 16.9 ק""מ לליטר","מבחן כביש: 13.5 ק""מ לליטר"
טויוטה,אוריס,2012,בנזין,1.8,"נתוני יצרן: ? ק""מ לליטר","מבחן כביש: 19.4 ק""מ לליטר"
טויוטה,אוריס,2013,בנזין,1.8,"נתוני יצרן: 26 ק""מ לליטר","מבחן כביש: 19 ק""מ לליטר"
טויוטה,אוריס,2014,בנזין,1.6,"נתוני יצרן: 17.5 ק""מ לליטר","מבחן כביש: 12.5 ק""מ לליטר"
טויוטה,אוריס,2015,בנזין,1.8,"נתוני יצרן: 24.4 ק""מ לליטר","מבחן כביש: 18.5 ק""מ לליטר"
טויוטה,אוריס,2018,בנזין,1.8,"נתוני יצרן: 27.8 ק""מ לליטר","מבחן כביש: 20 ק""מ לליטר"
טויוטה,אוריס TS סטיישן,2015,בנזין,1.8,"נתוני יצרן: 25.6 ק""מ לליטר","מבחן כביש: 18 ק""מ לליטר"
טויוטה,אוריס TS סטיישן,2016-17,בנזין,1.8,"נתוני יצרן: 27.8 ק""מ לליטר","מבחן כביש: 18.5 ק""מ לליטר"
טויוטה,אייגו,2016,בנזין,1,"נתוני יצרן: 23.6 ק""מ לליטר","מבחן כביש: 15 ק""מ לליטר"
טויוטה,אייגו X,2022,בנזין,1,"נתוני יצרן: 20 ק""מ לליטר","מבחן כביש: 18 ק""מ לליטר"
טויוטה,היילנדר,2021,היברידי,2.5,"נתוני יצרן: 14.1 ק""מ לליטר","מבחן כביש: 12.5 ק""מ לליטר"
טויוטה,הילקס,2015,בנזין,2.4 טורבו דיזל,"נתוני יצרן: 12 ק""מ לליטר","מבחן כביש: 10.5 ק""מ לליטר"
טויוטה,הילקס,2021,דיזל,2.4,"נתוני יצרן: 10.5 ק""מ לליטר","מבחן כביש: 10 ק""מ לליטר"
טויוטה,וורסו,2010,בנזין,1.8,"נתוני יצרן: ? ק""מ לליטר","מבחן כביש: 10.2 ק""מ לליטר"
טויוטה,וורסו,2011,בנזין,1.8,"נתוני יצרן: ? ק""מ לליטר","מבחן כביש: 10.8 ק""מ לליטר"
טויוטה,וורסו,2014,בנזין,1.8,"נתוני יצרן: 14.7 ק""מ לליטר","מבחן כביש: 11.5 ק""מ לליטר"
טויוטה,וורסו,2017,בנזין,1.8,"נתוני יצרן: 15.2 ק""מ לליטר","מבחן כביש: 11.5 ק""מ לליטר"
טויוטה,יאריס,2012,בנזין,1.4,"נתוני יצרן: ? ק""מ לליטר","מבחן כביש: 14.5 ק""מ לליטר"
טויוטה,יאריס,2012,בנזין,1.5,"נתוני יצרן: ? ק""מ לליטר","מבחן כביש: 19.6 ק""מ לליטר"
טויוטה,יאריס,2014,בנזין,1.4,"נתוני יצרן: 19.6 ק""מ לליטר","מבחן כביש: 15.5 ק""מ לליטר"
טויוטה,יאריס,2017,בנזין,1.5,"נתוני יצרן: 20.8 ק""מ לליטר","מבחן כביש: 14.5 ק""מ לליטר"
טויוטה,יאריס,2018,בנזין,1.5,"נתוני יצרן: 27.8 ק""מ לליטר","מבחן כביש: 19.5 ק""מ לליטר"
טויוטה,יאריס,2018,היברידי,1.5,"נתוני יצרן: 27.8 ק""מ לליטר","מבחן כביש: 19.5 ק""מ לליטר"
טויוטה,יאריס,2019-20,בנזין,1.5,"נתוני יצרן: 20.4 ק""מ לליטר","מבחן כביש: 15 ק""מ לליטר"
טויוטה,יאריס,2020,היברידי,1.5,"נתוני יצרן: 33.3 ק""מ לליטר","מבחן כביש: 24 ק""מ לליטר"
טויוטה,יאריס,2021,בנזין,1.5,"נתוני יצרן: 21.3 ק""מ לליטר","מבחן כביש: 17.5 ק""מ לליטר"
טויוטה,יאריס,2021,היברידי,1.5,"נתוני יצרן: 25.6 ק""מ לליטר","מבחן כביש: 21 ק""מ לליטר"
טויוטה,יאריס קרוס,2021,היברידי,1.5,"נתוני יצרן: 22.7 ק""מ לליטר","מבחן כביש: 21 ק""מ לליטר"
טויוטה,יאריס קרוס,2022,היברידי,1.5,"נתוני יצרן: 22.7 ק""מ לליטר","מבחן כביש: 21 ק""מ לליטר"
טויוטה,לנד קרוזר,2018,בנזין,2.8 טורבו דיזל,"נתוני יצרן: 13.3 ק""מ לליטר","מבחן כביש: 9 ק""מ לליטר"
טויוטה,לנד קרוזר,2021,דיזל,2.8,"נתוני יצרן: 10.3 ק""מ לליטר","מבחן כביש: 10 ק""מ לליטר"
טויוטה,סיינה,2014,בנזין,3.5 בנזין,"נתוני יצרן: 9.1 ק""מ לליטר","מבחן כביש: 7.8 ק""מ לליטר"
טויוטה,ספייס וורסו,2011,בנזין,1.4,"נתוני יצרן: 19.2 ק""מ לליטר","מבחן כביש: 14.6 ק""מ לליטר"
טויוטה,פרואייס,2020,דיזל,2,"נתוני יצרן: 18.2 ק""מ לליטר","מבחן כביש: 12 ק""מ לליטר"
טויוטה,פריוס,2009,בנזין,1.5,"נתוני יצרן: ? ק""מ לליטר","מבחן כביש: 18 ק""מ לליטר"
טויוטה,פריוס,2010,בנזין,1.8,"נתוני יצרן: ? ק""מ לליטר","מבחן כביש: 17 ק""מ לליטר"
טויוטה,פריוס,2014,בנזין,1.8,"נתוני יצרן: 25.6 ק""מ לליטר","מבחן כביש: 19 ק""מ לליטר"
טויוטה,פריוס,2016,בנזין,1.8,"נתוני יצרן: 27.8 ק""מ לליטר","מבחן כביש: 20 ק""מ לליטר"
טויוטה,פריוס,2018,בנזין,1.8,"נתוני יצרן: 27.8 ק""מ לליטר","מבחן כביש: 20 ק""מ לליטר"
טויוטה,פריוס,2019,בנזין,1.8,"נתוני יצרן: ? ק""מ לליטר","מבחן כביש: 20 ק""מ לליטר"
טויוטה,פריוס,2021,פלאג-אין הייבריד,1.8,"נתוני יצרן: 76.9 ק""מ לליטר","מבחן כביש: 32 ק""מ לליטר"
טויוטה,פריוס פלאג-אין,2020,בנזין,1.8,"נתוני יצרן: 76.9 ק""מ לליטר","מבחן כביש: 32 ק""מ לליטר"
טויוטה,פריוס פלוס,2017,בנזין,1.8,"נתוני יצרן: 24 ק""מ לליטר","מבחן כביש: 17 ק""מ לליטר"
טויוטה,פריוס פלוס,2018,בנזין,1.8,"נתוני יצרן: 21.7 ק""מ לליטר","מבחן כביש: 16.7 ק""מ לליטר"
טויוטה,פריוס פלוס,2018,בנזין,היברידי1.8,"נתוני יצרן: 21.7 ק""מ לליטר","מבחן כביש: 16.7 ק""מ לליטר"
טויוטה,פריוס פלוס,2019,בנזין,1.8,"נתוני יצרן: 21.7 ק""מ לליטר","מבחן כביש: 17 ק""מ לליטר"
טויוטה,פריוס פלוס,2019,בנזין,היברידי 1.8,"נתוני יצרן: 21.7 ק""מ לליטר","מבחן כביש: 17 ק""מ לליטר"
טויוטה,פריוס פלוס,2020,היברידי,1.8,"נתוני יצרן: 21.7 ק""מ לליטר","מבחן כביש: 17 ק""מ לליטר"
טויוטה,פריוס פלוס- van,2013,בנזין,1.8,"נתוני יצרן: 24.4 ק""מ לליטר","מבחן כביש: 18 ק""מ לליטר"
טויוטה,קאמרי,2010,בנזין,2.4,"נתוני יצרן: ? ק""מ לליטר","מבחן כביש: 8.7 ק""מ לליטר"
טויוטה,קאמרי,2013,בנזין,2.5,"נתוני יצרן: 20.4 ק""מ לליטר","מבחן כביש: 17 ק""מ לליטר"
טויוטה,קאמרי,2015,בנזין,2.5,"נתוני יצרן: 17 ק""מ לליטר","מבחן כביש: 14.5 ק""מ לליטר"
טויוטה,קאמרי,2018,בנזין,2.5,"נתוני יצרן: 19.6 ק""מ לליטר","מבחן כביש: 16 ק""מ לליטר"
טויוטה,קאמרי,2020,בנזין,2.5,"נתוני יצרן: 23.3 ק""מ לליטר","מבחן כביש: 16.5 ק""מ לליטר"
טויוטה,קאמרי,2021,בנזין היברידי,2.5,"נתוני יצרן: 18.5 ק""מ לליטר","מבחן כביש: 17 ק""מ לליטר"
טויוטה,קורולה,2009,בנזין,1.6,"נתוני יצרן: ? ק""מ לליטר","מבחן כביש: 11.2 ק""מ לליטר"
טויוטה,קורולה,2010,בנזין,1.6,"נתוני יצרן: ? ק""מ לליטר","מבחן כביש: 11.6 ק""מ לליטר"
טויוטה,קורולה,2014,בנזין,1.6,"נתוני יצרן: 17.8 ק""מ לליטר","מבחן כביש: 12 ק""מ לליטר"
טויוטה,קורולה,2015,בנזין,1.6,"נתוני יצרן: 19.9 ק""מ לליטר","מבחן כביש: 12.2 ק""מ לליטר"
טויוטה,קורולה,2016,בנזין,1.6,"נתוני יצרן: 17.9 ק""מ לליטר","מבחן כביש: 12.4 ק""מ לליטר"
טויוטה,קורולה,2017,בנזין,1.6,"נתוני יצרן: 17.9 ק""מ לליטר","מבחן כביש: 12.7 ק""מ לליטר"
טויוטה,קורולה,2018,בנזין,1.6,"נתוני יצרן: 17.9 ק""מ לליטר","מבחן כביש: 13 ק""מ לליטר"
טויוטה,קורולה,2019,בנזין,1.6,"נתוני יצרן: 18.2 ק""מ לליטר","מבחן כביש: 12.5 ק""מ לליטר"
טויוטה,קורולה,2019,בנזין,1.8,"נתוני יצרן: 29.4 ק""מ לליטר","מבחן כביש: 20 ק""מ לליטר"
טויוטה,קורולה,2019,בנזין,1.8 היברידי,"נתוני יצרן: 29.4 ק""מ לליטר","מבחן כביש: 20 ק""מ לליטר"
טויוטה,קורולה,2020,היברידי,1.8,"נתוני יצרן: 29.4 ק""מ לליטר","מבחן כביש: 20 ק""מ לליטר"
טויוטה,קורולה,2021,בנזין,1.5,"נתוני יצרן: 16.7 ק""מ לליטר","מבחן כביש: 14 ק""מ לליטר"
טויוטה,קורולה,2021,היברידי,1.8,"נתוני יצרן: 22.2 ק""מ לליטר","מבחן כביש: 20 ק""מ לליטר"
טויוטה,קורולה,2022,היברידי,1.8,"נתוני יצרן: 22.2 ק""מ לליטר","מבחן כביש: 20 ק""מ לליטר"
טויוטה,קורולה Excite,2019,בנזין,1.8,"נתוני יצרן: 30.3 ק""מ לליטר","מבחן כביש: 22 ק""מ לליטר"
טויוטה,קורולה Excite,2019,בנזין,1.8 היברידי,"נתוני יצרן: 30.3 ק""מ לליטר","מבחן כביש: 22 ק""מ לליטר"
טויוטה,קורולה ספייס SW,2019,בנזין,1.8,"נתוני יצרן: 30.3 ק""מ לליטר","מבחן כביש: 21 ק""מ לליטר"
טויוטה,קורולה ספייס SW,2019,בנזין,1.8 היברידי,"נתוני יצרן: 30.3 ק""מ לליטר","מבחן כביש: 21 ק""מ לליטר"
טויוטה,קורולה ספייס SW,2020,היברידי,1.8,"נתוני יצרן: 30.3 ק""מ לליטר","מבחן כביש: 20 ק""מ לליטר"
טויוטה,קורולה ספייס SW,2021,היברידי,1.8,"נתוני יצרן: 21.7 ק""מ לליטר","מבחן כביש: 20 ק""מ לליטר"
טויוטה,קורולה קרוס,2022,בנזין היברידי,1.8,"נתוני יצרן: 19.6 ק""מ לליטר","מבחן כביש: 18 ק""מ לליטר"
טויוטה,קורולה-רובוטית,2009,בנזין,1.6,"נתוני יצרן: ? ק""מ לליטר","מבחן כביש: 12 ק""מ לליטר"
טויוטה,ראב 4,2016,היברידי,2.5,"נתוני יצרן: 19.6 ק""מ לליטר","מבחן כביש: 13.5 ק""מ לליטר"
טויוטה,ראב 4,2018,היברידי,2.5,"נתוני יצרן: 20.4 ק""מ לליטר","מבחן כביש: 14 ק""מ לליטר"
טויוטה,ראב 4,2019,בנזין,2.5 היברידי,"נתוני יצרן: 21.7 ק""מ לליטר","מבחן כביש: 17 ק""מ לליטר"
טויוטה,ראב 4,2019,היברידי,2.5,"נתוני יצרן: 21.7 ק""מ לליטר","מבחן כביש: 17 ק""מ לליטר"
טויוטה,ראב 4,2019-20,בנזין,2.5,"נתוני יצרן: 17.5 ק""מ לליטר","מבחן כביש: 12 ק""מ לליטר"
טויוטה,ראב 4,2020,בנזין,2.4,"נתוני יצרן: 21.7 ק""מ לליטר","מבחן כביש: 17 ק""מ לליטר"
טויוטה,ראב 4,2020,בנזין,2021,"נתוני יצרן: ? ק""מ לליטר","מבחן כביש: ? ק""מ לליטר"
טויוטה,ראב 4,2020,היברידי,2.5,"נתוני יצרן: 21.7 ק""מ לליטר","מבחן כביש: 17 ק""מ לליטר"
טויוטה,ראב 4,2021,היברידי,2.5,"נתוני יצרן: 17.5 ק""מ לליטר","מבחן כביש: 16.5 ק""מ לליטר"
טויוטה,ראב 4,2022,היברידי,2.5,"נתוני יצרן: 17.5 ק""מ לליטר","מבחן כביש: 17 ק""מ לליטר"
יגואר,F-PACE,2016,בנזין,2.0 דיזל,"נתוני יצרן: 18.8 ק""מ לליטר","מבחן כביש: 12.8 ק""מ לליטר"
יגואר,XE,2015,בנזין,2,"נתוני יצרן: 13.3 ק""מ לליטר","מבחן כביש: 9 ק""מ לליטר"
יונדאי,i-10,2010,בנזין,1.25,"נתוני יצרן: ? ק""מ לליטר","מבחן כביש: 12.3 ק""מ לליטר"
יונדאי,i-10,2011,בנזין,1.25,"נתוני יצרן: ? ק""מ לליטר","מבחן כביש: 12.6 ק""מ לליטר"
יונדאי,i-10,2014,בנזין,1,"נתוני יצרן: 16 ק""מ לליטר","מבחן כביש: 13.3 ק""מ לליטר"
יונדאי,i-10,2016,בנזין,1.25,"נתוני יצרן: 15.2 ק""מ לליטר","מבחן כביש: 13.3 ק""מ לליטר"
יונדאי,i-10,2018,בנזין,1.25,"נתוני יצרן: 16.9 ק""מ לליטר","מבחן כביש: 13.5 ק""מ לליטר"
יונדאי,i-10,2020,בנזין,1.2,"נתוני יצרן: 19 ק""מ לליטר","מבחן כביש: 16 ק""מ לליטר"
יונדאי,i-10,2021,בנזין,1.2,"נתוני יצרן: 17.2 ק""מ לליטר","מבחן כביש: 16.5 ק""מ לליטר"
יונדאי,i-10,2022,בנזין,1.2,"נתוני יצרן: 17.2 ק""מ לליטר","מבחן כביש: 16 ק""מ לליטר"
יונדאי,i-20,2011,בנזין,1.4,"נתוני יצרן: ? ק""מ לליטר","מבחן כביש: 12.3 ק""מ לליטר"
יונדאי,i-20,2012,בנזין,1.4,"נתוני יצרן: 16.5 ק""מ לליטר","מבחן כביש: 12.4 ק""מ לליטר"
יונדאי,i-20,2014,בנזין,1.4,"נתוני יצרן: 16.6 ק""מ לליטר","מבחן כביש: 13 ק""מ לליטר"
יונדאי,i-20,2015,בנזין,1.4,"נתוני יצרן: 16 ק""מ לליטר","מבחן כביש: 12.2 ק""מ לליטר"
יונדאי,i-20,2018,בנזין,1,"נתוני יצרן: 20 ק""מ לליטר","מבחן כביש: 15.5 ק""מ לליטר"
יונדאי,i-20,2018,בנזין,1.4,"נתוני יצרן: 15.3 ק""מ לליטר","מבחן כביש: 12 ק""מ לליטר"
יונדאי,i-20,2019,בנזין,1,"נתוני יצרן: 20 ק""מ לליטר","מבחן כביש: 15 ק""מ לליטר"
יונדאי,i-20,2020,בנזין,1,"נתוני יצרן: 22.4 ק""מ לליטר","מבחן כביש: 15 ק""מ לליטר"
יונדאי,i-20,2021,בנזין,1,"נתוני יצרן: 17.5 ק""מ לליטר","מבחן כביש: 16 ק""מ לליטר"
יונדאי,i-20,2022,בנזין,1,"נתוני יצרן: 17.5 ק""מ לליטר","מבחן כביש: 15.5 ק""מ לליטר"
יונדאי,i-20 cross,2016,בנזין,1.4,"נתוני יצרן: 15.3 ק""מ לליטר","מבחן כביש: 12.5 ק""מ לליטר"
יונדאי,i-25,2011,בנזין,1.4,"נתוני יצרן: ? ק""מ לליטר","מבחן כביש: 11.6 ק""מ לליטר"
יונדאי,i-25,2012,בנזין,1.6,"נתוני יצרן: ? ק""מ לליטר","מבחן כביש: 12.4 ק""מ לליטר"
יונדאי,i-25,2016,בנזין,1.4,"נתוני יצרן: 15.6 ק""מ לליטר","מבחן כביש: 13 ק""מ לליטר"
יונדאי,i-25,2016,בנזין,1.6,"נתוני יצרן: 15.6 ק""מ לליטר","מבחן כביש: 12.5 ק""מ לליטר"
יונדאי,I-30,2010,בנזין,1.6,"נתוני יצרן: ? ק""מ לליטר","מבחן כביש: 11.4 ק""מ לליטר"
יונדאי,I-30,2012,בנזין,1.6 GDI,"נתוני יצרן: 14.2 ק""מ לליטר","מבחן כביש: 11.5 ק""מ לליטר"
יונדאי,I-30,2016,בנזין,1.6,"נתוני יצרן: 17.2 ק""מ לליטר","מבחן כביש: 12.5 ק""מ לליטר"
יונדאי,i-30 CW,2013,בנזין,1.4 תיבה ידנית,"נתוני יצרן: 17.8 ק""מ לליטר","מבחן כביש: 13 ק""מ לליטר"
יונדאי,i-30 CW,2013,בנזין,1.6 GDI,"נתוני יצרן: 14.7 ק""מ לליטר","מבחן כביש: 12 ק""מ לליטר"
יונדאי,i-30 CW,2016,בנזין,1.6,"נתוני יצרן: 17.2 ק""מ לליטר","מבחן כביש: 12 ק""מ לליטר"
יונדאי,i-35,2011,בנזין,1.6,"נתוני יצרן: ? ק""מ לליטר","מבחן כביש: 12 ק""מ לליטר"
יונדאי,i-35,2014,בנזין,1.6,"נתוני יצרן: 14.3 ק""מ לליטר","מבחן כביש: 12.5 ק""מ לליטר"
יונדאי,i-35,2015,בנזין,1.6,"נתוני יצרן: 14.3 ק""מ לליטר","מבחן כביש: 12.5 ק""מ לליטר"
יונדאי,i-40,2012,בנזין,2,"נתוני יצרן: ? ק""מ לליטר","מבחן כביש: 10.5 ק""מ לליטר"
יונדאי,i-800,2010,בנזין,דיזל 2.5,"נתוני יצרן: ? ק""מ לליטר","מבחן כביש: 9.2 ק""מ לליטר"
יונדאי,i-800,2012,בנזין,דיזל 3.5,"נתוני יצרן: ? ק""מ לליטר","מבחן כביש: 9.8 ק""מ לליטר"
יונדאי,IX-35,2010,בנזין,2,"נתוני יצרן: ? ק""מ לליטר","מבחן כביש: 9 ק""מ לליטר"
יונדאי,IX-35,2014,בנזין,2,"נתוני יצרן: 11.4 ק""מ לליטר","מבחן כביש: 10 ק""מ לליטר"
יונדאי,ix-35 הנעה כפולה,2014,בנזין,2,"נתוני יצרן: 11.3 ק""מ לליטר","מבחן כביש: 9.8 ק""מ לליטר"
יונדאי,איוניק,2016,בנזין,1.6,"נתוני יצרן: 25.6 ק""מ לליטר","מבחן כביש: 18.5 ק""מ לליטר"
יונדאי,איוניק,2018,בנזין,1.6,"נתוני יצרן: 25.6 ק""מ לליטר","מבחן כביש: 20 ק""מ לליטר"
יונדאי,איוניק,2018,בנזין,1.6 היברידי,"נתוני יצרן: 25.6 ק""מ לליטר","מבחן כביש: 20 ק""מ לליטר"
יונדאי,איוניק,2019,בנזין,1.6,"נתוני יצרן: 25.6 ק""מ לליטר","מבחן כביש: 19.5 ק""מ לליטר"
יונדאי,איוניק,2019,בנזין,1.6 - WLTP,"נתוני יצרן: 23.5 ק""מ לליטר","מבחן כביש: 19.8 ק""מ לליטר"
יונדאי,איוניק,2020,בנזין,1.6,"נתוני יצרן: 27 ק""מ לליטר","מבחן כביש: 20 ק""מ לליטר"
יונדאי,איוניק,2021,היברידי,1.6,"נתוני יצרן: 21.7 ק""מ לליטר","מבחן כביש: 20 ק""מ לליטר"
יונדאי,איוניק,2022,היברידי,1.6,"נתוני יצרן: 21.7 ק""מ לליטר","מבחן כביש: 20.5 ק""מ לליטר"
יונדאי,איוניק 5,2022,חשמלי,"70 קוט""ש","נתוני יצרן: טווח נסיעה - 480 ק""מ","מבחן כביש: טווח נסיעה - 415 ק""מ"
יונדאי,אלנטרה,2016,בנזין,1.6,"נתוני יצרן: 15.6 ק""מ לליטר","מבחן כביש: 12.8 ק""מ לליטר"
יונדאי,אלנטרה,2018,בנזין,1.6,"נתוני יצרן: 15.6 ק""מ לליטר","מבחן כביש: 12.8 ק""מ לליטר"
יונדאי,אלנטרה,2019,בנזין,1.6,"נתוני יצרן: 13.8 ק""מ לליטר","מבחן כביש: 13 ק""מ לליטר"
יונדאי,אלנטרה,2020,בנזין,1.6,"נתוני יצרן: 13.8 ק""מ לליטר","מבחן כביש: 13 ק""מ לליטר"
יונדאי,אלנטרה,2021,היברידי,1.6,"נתוני יצרן: 22.7 ק""מ לליטר","מבחן כביש: 22 ק""מ לליטר"
יונדאי,אלנטרה,2022,היברידי,1.6,"נתוני יצרן: 22.7 ק""מ לליטר","מבחן כביש: 21 ק""מ לליטר"
יונדאי,אקסנט,2009,בנזין,1.4,"נתוני יצרן: ? ק""מ לליטר","מבחן כביש: 11 ק""מ לליטר"
יונדאי,אקסנט,2019,בנזין,1.4,"נתוני יצרן: 15.2 ק""מ לליטר","מבחן כביש: 13 ק""מ לליטר"
יונדאי,אקסנט,2019,בנזין,1.6,"נתוני יצרן: 13.8 ק""מ לליטר","מבחן כביש: 12.5 ק""מ לליטר"
יונדאי,אקסנט,2020,בנזין,1.4,"נתוני יצרן: 15.2 ק""מ לליטר","מבחן כביש: 13.5 ק""מ לליטר"
יונדאי,אקסנט,2020,בנזין,1.6,"נתוני יצרן: 13.8 ק""מ לליטר","מבחן כביש: 13 ק""מ לליטר"
יונדאי,אקסנט,2021,בנזין,1.4,"נתוני יצרן: 15.8 ק""מ לליטר","מבחן כביש: 13.5 ק""מ לליטר"
יונדאי,אקסנט,2022,בנזין,1.4,"נתוני יצרן: 15.8 ק""מ לליטר","מבחן כביש: 13 ק""מ לליטר"
יונדאי,אקסנט,2022,בנזין,1.6,"נתוני יצרן: 14.4 ק""מ לליטר","מבחן כביש: 13 ק""מ לליטר"
יונדאי,באיון,2022,בנזין,1,"נתוני יצרן: 18.1 ק""מ לליטר","מבחן כביש: 14.5 ק""מ לליטר"
יונדאי,באיון,2022,בנזין מייל היברידי,1,"נתוני יצרן: 18.5 ק""מ לליטר","מבחן כביש: 15 ק""מ לליטר"
יונדאי,גטס,2009,בנזין,1.4,"נתוני יצרן: ? ק""מ לליטר","מבחן כביש: 11.2 ק""מ לליטר"
יונדאי,ווניו,2020,בנזין,1.6,"נתוני יצרן: 16.1 ק""מ לליטר","מבחן כביש: 14 ק""מ לליטר"
יונדאי,ווניו,2021,בנזין,1.6,"נתוני יצרן: 15.1 ק""מ לליטר","מבחן כביש: 13 ק""מ לליטר"
יונדאי,ווניו,2022,בנזין,1.6,"נתוני יצרן: 15.1 ק""מ לליטר","מבחן כביש: 13 ק""מ לליטר"
יונדאי,טוסון,2016,בנזין,1.6,"נתוני יצרן: 13.5 ק""מ לליטר","מבחן כביש: 11 ק""מ לליטר"
יונדאי,טוסון,2016-17,בנזין,2,"נתוני יצרן: 12.6 ק""מ לליטר","מבחן כביש: 10.5 ק""מ לליטר"
יונדאי,טוסון,2018,בנזין,1.6 טורבו בנזין,"נתוני יצרן: 13.3 ק""מ לליטר","מבחן כביש: 11.5 ק""מ לליטר"
יונדאי,טוסון,2018,בנזין,2,"נתוני יצרן: 12.6 ק""מ לליטר","מבחן כביש: 10.5 ק""מ לליטר"
יונדאי,טוסון,2019,בנזין,2,"נתוני יצרן: 11.9 ק""מ לליטר","מבחן כביש: 10 ק""מ לליטר"
יונדאי,טוסון,2020,בנזין,2,"נתוני יצרן: 11 ק""מ לליטר","מבחן כביש: 10.5 ק""מ לליטר"
יונדאי,טוסון,2020,היברידי,2,"נתוני יצרן: ? ק""מ לליטר","מבחן כביש: ? ק""מ לליטר"
יונדאי,טוסון,2021,בנזין,2,"נתוני יצרן: 12.2 ק""מ לליטר","מבחן כביש: 11 ק""מ לליטר"
יונדאי,טוסון,2021,בנזין טורבו,1.6,"נתוני יצרן: 14 ק""מ לליטר","מבחן כביש: 11.5 ק""מ לליטר"
יונדאי,טוסון,2022,בנזין,1.6,"נתוני יצרן: 13.8 ק""מ לליטר","מבחן כביש: 12 ק""מ לליטר"
יונדאי,טוסון,2022,בנזין 2.0,2,"נתוני יצרן: 12.2 ק""מ לליטר","מבחן כביש: 11 ק""מ לליטר"
יונדאי,מטריקס,2009,בנזין,1.6,"נתוני יצרן: ? ק""מ לליטר","מבחן כביש: 8 ק""מ לליטר"
יונדאי,סונטה,2009,בנזין,2,"נתוני יצרן: ? ק""מ לליטר","מבחן כביש: 8.4 ק""מ לליטר"
יונדאי,סונטה,2016,בנזין,2,"נתוני יצרן: 17.85 ק""מ לליטר","מבחן כביש: 16 ק""מ לליטר"
יונדאי,סונטה,2018,בנזין,2,"נתוני יצרן: 22.7 ק""מ לליטר","מבחן כביש: 17 ק""מ לליטר"
יונדאי,סונטה,2018,היברידי בנזין,2,"נתוני יצרן: 22.7 ק""מ לליטר","מבחן כביש: 17 ק""מ לליטר"
יונדאי,סונטה,2019,היברידי בנזין,2,"נתוני יצרן: 22.7 ק""מ לליטר","מבחן כביש: 17 ק""מ לליטר"
יונדאי,סונטה,2020,היברידי בנזין,2,"נתוני יצרן: 20.7 ק""מ לליטר","מבחן כביש: 18 ק""מ לליטר"
יונדאי,סונטה,2021,בנזין טורבו,1.6,"נתוני יצרן: 13 ק""מ לליטר","מבחן כביש: 12 ק""מ לליטר"
יונדאי,סונטה,2022,היברידי,2,"נתוני יצרן: 20.2 ק""מ לליטר","מבחן כביש: 20 ק""מ לליטר"
יונדאי,סונטה,2022,טורבו בנזין,1.6,"נתוני יצרן: 13 ק""מ לליטר","מבחן כביש: 12 ק""מ לליטר"
יונדאי,סטאריה,2022,דיזל,2.2,"נתוני יצרן: 12.1 ק""מ לליטר","מבחן כביש: 11 ק""מ לליטר"
יונדאי,סנטה פה,2012,בנזין,דיזל 2.2,"נתוני יצרן: ? ק""מ לליטר","מבחן כביש: 10.8 ק""מ לליטר"
יונדאי,סנטה פה,2013,בנזין,דיזל 2.2,"נתוני יצרן: 13.9 ק""מ לליטר","מבחן כביש: 10.2 ק""מ לליטר"
יונדאי,סנטה פה,2015,בנזין,בנזין 2.4,"נתוני יצרן: 11.2 ק""מ לליטר","מבחן כביש: 8.5 ק""מ לליטר"
יונדאי,סנטה פה,2016,בנזין,בנזין 2.4,"נתוני יצרן: 11.2 ק""מ לליטר","מבחן כביש: 9 ק""מ לליטר"
יונדאי,סנטה פה,2019,בנזין,בנזין 2.4,"נתוני יצרן: 10.7 ק""מ לליטר","מבחן כביש: 10 ק""מ לליטר"
יונדאי,סנטה פה,2020,בנזין,בנזין 2.4,"נתוני יצרן: 10.7 ק""מ לליטר","מבחן כביש: 10 ק""מ לליטר"
יונדאי,סנטה פה,2021,דיזל,2.2,"נתוני יצרן: 15.6 ק""מ לליטר","מבחן כביש: 12 ק""מ לליטר"
יונדאי,סנטה פה,2022,טורבו דיזל,2.2,"נתוני יצרן: 15.6 ק""מ לליטר","מבחן כביש: 12.5 ק""מ לליטר"
יונדאי,קונה,2018,בנזין,1.6,"נתוני יצרן: 14.9 ק""מ לליטר","מבחן כביש: 11 ק""מ לליטר"
יונדאי,קונה,2020,בנזין,1.6,"נתוני יצרן: 15.7 ק""מ לליטר","מבחן כביש: 11.5 ק""מ לליטר"
יונדאי,קונה,2020,היברידית,1.6,"נתוני יצרן: 26.6 ק""מ לליטר","מבחן כביש: 20 ק""מ לליטר"
יונדאי,קונה,2021,בנזין,1.6,"נתוני יצרן: 15.1 ק""מ לליטר","מבחן כביש: 13 ק""מ לליטר"
יונדאי,קונה,2021,חשמלי,100 קילוואט,"נתוני יצרן: טווח נסיעה - 305 ק""מ","מבחן כביש: טווח נסיעה - 267 ק""מ"
יונדאי,קונה,2022,בנזין,1.6,"נתוני יצרן: 14.9 ק""מ לליטר","מבחן כביש: 12.5 ק""מ לליטר"
יונדאי,קונה,2022,היברידי,1.6,"נתוני יצרן: 25.6 ק""מ לליטר","מבחן כביש: 21 ק""מ לליטר"
יונדאי,קונה,2022,חשמלי,100 קילו ואט,"נתוני יצרן: טווח נסיעה - 305 ק""מ","מבחן כביש: טווח נסיעה - 270 ק""מ"
לנד רובר,דיסקאברי ספורט,2018,בנזין,2.0 דיזל,"נתוני יצרן: 18.8 ק""מ לליטר","מבחן כביש: 12.5 ק""מ לליטר"
לנד רובר,רינג'-רובר אבוק,2012,בנזין,2,"נתוני יצרן: ? ק""מ לליטר","מבחן כביש: ? ק""מ לליטר"
לנד רובר,רינג'-רובר אבוק,2019,בנזין,בנזין 2.0,"נתוני יצרן: 12.6 ק""מ לליטר","מבחן כביש: 10 ק""מ לליטר"
לקסוס,CT 200 h,2012,בנזין,1.8,"נתוני יצרן: ? ק""מ לליטר","מבחן כביש: 18.3 ק""מ לליטר"
לקסוס,GS,2018,בנזין,2.5,"נתוני יצרן: 20.4 ק""מ לליטר","מבחן כביש: 14.5 ק""מ לליטר"
לקסוס,GS-300,2018,בנזין,2.5,"נתוני יצרן: 20.4 ק""מ לליטר","מבחן כביש: 14.5 ק""מ לליטר"
לקסוס,IS,2011,בנזין,2.5,"נתוני יצרן: ? ק""מ לליטר","מבחן כביש: 10.3 ק""מ לליטר"
לקסוס,IS-300h,2014,בנזין,2.5,"נתוני יצרן: 22.7 ק""מ לליטר","מבחן כביש: 15.7 ק""מ לליטר"
לקסוס,IS-300h,2016,בנזין,2.5,"נתוני יצרן: 22.4 ק""מ לליטר","מבחן כביש: 15.2 ק""מ לליטר"
לקסוס,IS-300h,2018,בנזין,2.5,"נתוני יצרן: 20.8 ק""מ לליטר","מבחן כביש: 14.5 ק""מ לליטר"
לקסוס,NX,2022,היברידי- 350,2.5,"נתוני יצרן: 17.5 ק""מ לליטר","מבחן כביש: 15.5 ק""מ לליטר"
לקסוס,NX,2022,פלאג-אין היברידי 450,2.5,"נתוני יצרן: 25 ק""מ לליטר","מבחן כביש: 20 ק""מ לליטר"
לקסוס,NX-300,2015,בנזין,2.5,"נתוני יצרן: 19.2 ק""מ לליטר","מבחן כביש: 13 ק""מ לליטר"
לקסוס,NX-300H,2018,בנזין,2.5,"נתוני יצרן: 17 ק""מ לליטר","מבחן כביש: 12.5 ק""מ לליטר"
לקסוס,NX-350h,2022,היברידי,2.5,"נתוני יצרן: 17.5 ק""מ לליטר","מבחן כביש: 15.5 ק""מ לליטר"
לקסוס,RX-450,2011,בנזין,3.5,"נתוני יצרן: ? ק""מ לליטר","מבחן כביש: 15.5 ק""מ לליטר"
לקסוס,RX-450,2016,בנזין,3.5 בנזין,"נתוני יצרן: 18.2 ק""מ לליטר","מבחן כביש: 10.5 ק""מ לליטר"
לקסוס,RX450h,2013,בנזין,3.5,"נתוני יצרן: 16 ק""מ לליטר","מבחן כביש: 11 ק""מ לליטר"
לקסוס,UX,2021,חשמלי,סוללה 54 KWH,"נתוני יצרן: טווח נסיעה - 315 ק""מ","מבחן כביש: טווח נסיעה - 270 ק""מ"
מאזדה,2,2009,בנזין,1.5,"נתוני יצרן: ? ק""מ לליטר","מבחן כביש: 11 ק""מ לליטר"
מאזדה,2,2010,בנזין,1.5,"נתוני יצרן: ? ק""מ לליטר","מבחן כביש: 11.2 ק""מ לליטר"
מאזדה,2,2015,בנזין,1.5,"נתוני יצרן: 17.5 ק""מ לליטר","מבחן כביש: 12.8 ק""מ לליטר"
מאזדה,2,2022,בנזין,1.5,"נתוני יצרן: 15.8 ק""מ לליטר","מבחן כביש: 14 ק""מ לליטר"
מאזדה,2 דמיו,2015,בנזין,1.5,"נתוני יצרן: 17.5 ק""מ לליטר","מבחן כביש: 13.8 ק""מ לליטר"
מאזדה,3,2009,בנזין,1.6,"נתוני יצרן: ? ק""מ לליטר","מבחן כביש: 10.5 ק""מ לליטר"
מאזדה,3,2010,בנזין,1.6,"נתוני יצרן: ? ק""מ לליטר","מבחן כביש: 10.3 ק""מ לליטר"
מאזדה,3,2014,בנזין,1.5,"נתוני יצרן: 18 ק""מ לליטר","מבחן כביש: 12.8 ק""מ לליטר"
מאזדה,3,2014,בנזין,2,"נתוני יצרן: 17.54 ק""מ לליטר","מבחן כביש: 12.5 ק""מ לליטר"
מאזדה,3,2015,בנזין,1.5,"נתוני יצרן: 18.1 ק""מ לליטר","מבחן כביש: 13 ק""מ לליטר"
מאזדה,3,2016,בנזין,2,"נתוני יצרן: 17.5 ק""מ לליטר","מבחן כביש: 11 ק""מ לליטר"
מאזדה,3,2017,בנזין,1.5,"נתוני יצרן: 18.8 ק""מ לליטר","מבחן כביש: 12.6 ק""מ לליטר"
מאזדה,3,2017,בנזין,2,"נתוני יצרן: 17.5 ק""מ לליטר","מבחן כביש: 12.5 ק""מ לליטר"
מאזדה,3,2019,בנזין,2,"נתוני יצרן: 16 ק""מ לליטר","מבחן כביש: 12.5 ק""מ לליטר"
מאזדה,3,2020,בנזין,2,"נתוני יצרן: 16 ק""מ לליטר","מבחן כביש: 12.5 ק""מ לליטר"
מאזדה,3,2022,בנזין,2,"נתוני יצרן: 13.8 ק""מ לליטר","מבחן כביש: 12.5 ק""מ לליטר"
מאזדה,3 הצ'בק,2016,בנזין,1.5,"נתוני יצרן: 18.1 ק""מ לליטר","מבחן כביש: 12.7 ק""מ לליטר"
מאזדה,5,2009,בנזין,2,"נתוני יצרן: ? ק""מ לליטר","מבחן כביש: 9.4 ק""מ לליטר"
מאזדה,5,2010,בנזין,2,"נתוני יצרן: ? ק""מ לליטר","מבחן כביש: 9.6 ק""מ לליטר"
מאזדה,6,2010,בנזין,2,"נתוני יצרן: ? ק""מ לליטר","מבחן כביש: 10 ק""מ לליטר"
מאזדה,6,2017,בנזין,2.5,"נתוני יצרן: 15.1 ק""מ לליטר","מבחן כביש: 11.2 ק""מ לליטר"
מאזדה,6,2019,בנזין,2,"נתוני יצרן: 15.2 ק""מ לליטר","מבחן כביש: 13 ק""מ לליטר"
מאזדה,6 סקיאקטיב,2013,בנזין,2,"נתוני יצרן: 16.9 ק""מ לליטר","מבחן כביש: 12.3 ק""מ לליטר"
מאזדה,6 סקיאקטיב,2015,בנזין,2,"נתוני יצרן: 16.9 ק""מ לליטר","מבחן כביש: 13.5 ק""מ לליטר"
מאזדה,CX3,2017,בנזין,2,"נתוני יצרן: 16.4 ק""מ לליטר","מבחן כביש: 12.5 ק""מ לליטר"
מאזדה,CX3,2018,בנזין,2,"נתוני יצרן: 16.4 ק""מ לליטר","מבחן כביש: 13 ק""מ לליטר"
מאזדה,CX30,2020,בנזין,2,"נתוני יצרן: 15 ק""מ לליטר","מבחן כביש: 12 ק""מ לליטר"
מאזדה,CX5,2012,בנזין,בנזין 2.0,"נתוני יצרן: ? ק""מ לליטר","מבחן כביש: 11 ק""מ לליטר"
מאזדה,CX5,2015,בנזין,בנזין 2.5,"נתוני יצרן: 13.7 ק""מ לליטר","מבחן כביש: 10.5 ק""מ לליטר"
מאזדה,CX5,2017,בנזין,בנזין 2.0,"נתוני יצרן: 14.9 ק""מ לליטר","מבחן כביש: 11.5 ק""מ לליטר"
מאזדה,CX5,2018,בנזין,בנזין 2.0,"נתוני יצרן: 14.9 ק""מ לליטר","מבחן כביש: 12 ק""מ לליטר"
מאזדה,CX5,2019,בנזין,בנזין 2.0,"נתוני יצרן: 14.3 ק""מ לליטר","מבחן כביש: 12 ק""מ לליטר"
מאזדה,CX5,2021,בנזין,2,"נתוני יצרן: 12.8 ק""מ לליטר","מבחן כביש: 12 ק""מ לליטר"
מיני,קופר ONE,2012,בנזין,1.6,"נתוני יצרן: ? ק""מ לליטר","מבחן כביש: 11.7 ק""מ לליטר"
מיצובישי,ASX,2018,בנזין,2,"נתוני יצרן: 11.3 ק""מ לליטר","מבחן כביש: 10 ק""מ לליטר"
מיצובישי,ASX,2019,בנזין,2,"נתוני יצרן: 13.7 ק""מ לליטר","מבחן כביש: 11.5 ק""מ לליטר"
מיצובישי,ASX,2020,בנזין,2,"נתוני יצרן: 14.7 ק""מ לליטר","מבחן כביש: 12.5 ק""מ לליטר"
מיצובישי,אאוטלנדר,2015,בנזין,2,"נתוני יצרן: 15.8 ק""מ לליטר","מבחן כביש: 13 ק""מ לליטר"
מיצובישי,אאוטלנדר,2016,בנזין,2.0 בנזין,"נתוני יצרן: 15.87 ק""מ לליטר","מבחן כביש: 13.3 ק""מ לליטר"
מיצובישי,אאוטלנדר,2018,בנזין,2,"נתוני יצרן: 15.8 ק""מ לליטר","מבחן כביש: 12.8 ק""מ לליטר"
מיצובישי,אאוטלנדר,2019,בנזין,2,"נתוני יצרן: 14 ק""מ לליטר","מבחן כביש: 12.5 ק""מ לליטר"
מיצובישי,אאוטלנדר,2020,בנזין,2,"נתוני יצרן: 14 ק""מ לליטר","מבחן כביש: 11.5 ק""מ לליטר"
מיצובישי,אאוטלנדר,2021,בנזין,2.5,"נתוני יצרן: 11.5 ק""מ לליטר","מבחן כביש: 10.5 ק""מ לליטר"
מיצובישי,אאוטלנדר,2022,בנזין,2.5,"נתוני יצרן: 11.5 ק""מ לליטר","מבחן כביש: 11 ק""מ לליטר"
מיצובישי,אטראג',2014,בנזין,1.2,"נתוני יצרן: 20 ק""מ לליטר","מבחן כביש: 15.5 ק""מ לליטר"
מיצובישי,אטראג',2016,בנזין,1.2,"נתוני יצרן: 20.4 ק""מ לליטר","מבחן כביש: 15.5 ק""מ לליטר"
מיצובישי,אטראג',2020,בנזין,1.2,"נתוני יצרן: 20 ק""מ לליטר","מבחן כביש: 16 ק""מ לליטר"
מיצובישי,אקליפס קרוס,2018,בנזין,1.5,"נתוני יצרן: 14.9 ק""מ לליטר","מבחן כביש: 11 ק""מ לליטר"
מיצובישי,אקליפס קרוס,2019,בנזין,1.5,"נתוני יצרן: 20 ק""מ לליטר","מבחן כביש: 15.5 ק""מ לליטר"
מיצובישי,אקליפס קרוס,2020,בנזין,1.5,"נתוני יצרן: 14.4 ק""מ לליטר","מבחן כביש: 12 ק""מ לליטר"
מיצובישי,אקליפס קרוס,2022,טורבו בנזין,1.5,"נתוני יצרן: 11.1 ק""מ לליטר","מבחן כביש: 11.5 ק""מ לליטר"
מיצובישי,גראנדיס,2010,בנזין,2.4,"נתוני יצרן: ? ק""מ לליטר","מבחן כביש: 8.5 ק""מ לליטר"
מיצובישי,טרייטון - L200,2015,בנזין,2.4 דיזל,"נתוני יצרן: 13.9 ק""מ לליטר","מבחן כביש: 11 ק""מ לליטר"
מיצובישי,טרייטון - L200,2016,בנזין,2.4 דיזל,"נתוני יצרן: 13.8 ק""מ לליטר","מבחן כביש: 11 ק""מ לליטר"
מיצובישי,לנסר,2009,בנזין,1.5,"נתוני יצרן: ? ק""מ לליטר","מבחן כביש: 10.4 ק""מ לליטר"
מיצובישי,לנסר,2010,בנזין,1.5,"נתוני יצרן: ? ק""מ לליטר","מבחן כביש: 11.2 ק""מ לליטר"
מיצובישי,לנסר,2010,בנזין,1.8,"נתוני יצרן: ? ק""מ לליטר","מבחן כביש: 10.7 ק""מ לליטר"
מיצובישי,לנסר ספורטבק,2015-16,בנזין,1.8,"נתוני יצרן: 15.1 ק""מ לליטר","מבחן כביש: 11 ק""מ לליטר"
מיצובישי,ספייס סטאר,2013,בנזין,1.2,"נתוני יצרן: 20 ק""מ לליטר","מבחן כביש: 16.2 ק""מ לליטר"
מיצובישי,ספייס סטאר,2020,בנזין,1.2,"נתוני יצרן: 20.1 ק""מ לליטר","מבחן כביש: 16 ק""מ לליטר"
מיצובישי,ספייס סטאר,2022,בנזין,1.2,"נתוני יצרן: 18.3 ק""מ לליטר","מבחן כביש: 16 ק""מ לליטר"
מיצובישי,פאג'רו ארוך,2012,בנזין,דיזל 3.2,"נתוני יצרן: ? ק""מ לליטר","מבחן כביש: 8.7 ק""מ לליטר"
מיצובישי,פאג'רו ארוך,2016,בנזין,דיזל 3.2,"נתוני יצרן: 10.7 ק""מ לליטר","מבחן כביש: 8 ק""מ לליטר"
מרצדס,B-180,2015,בנזין,1.6 טורבו,"נתוני יצרן: 16.5 ק""מ לליטר","מבחן כביש: 12.5 ק""מ לליטר"
מרצדס,C-180,2015,בנזין,1.6 טורבו,"נתוני יצרן: 17.8 ק""מ לליטר","מבחן כביש: 13 ק""מ לליטר"
מרצדס,C-180,2019,בנזין,1.6 טורבו,"נתוני יצרן: 15.3 ק""מ לליטר","מבחן כביש: 12 ק""מ לליטר"
מרצדס,C-200,2019,בנזין,1.5 טורבו,"נתוני יצרן: 15.3 ק""מ לליטר","מבחן כביש: 11 ק""מ לליטר"
מרצדס,C-300 קופה,2019,בנזין,2,"נתוני יצרן: 15 ק""מ לליטר","מבחן כביש: 10.5 ק""מ לליטר"
מרצדס,C-350E,2018,בנזין,2,"נתוני יצרן: 41 ק""מ לליטר","מבחן כביש: 16.5 ק""מ לליטר"
מרצדס,GLA,2015,בנזין,1.6,"נתוני יצרן: 16.9 ק""מ לליטר","מבחן כביש: 12 ק""מ לליטר"
מרצדס,GLA 200,2019,בנזין,1.6,"נתוני יצרן: 15.1 ק""מ לליטר","מבחן כביש: 12 ק""מ לליטר"
מרצדס,סמארט,2011,בנזין,1,"נתוני יצרן: ? ק""מ לליטר","מבחן כביש: 14.3 ק""מ לליטר"
ניסאן,NV 200,2012,בנזין,דיזל 1.5,"נתוני יצרן: ? ק""מ לליטר","מבחן כביש: 16.5 ק""מ לליטר"
ניסאן,אלטימה,2014,בנזין,2.5,"נתוני יצרן: 12 ק""מ לליטר","מבחן כביש: 13.3 ק""מ לליטר"
ניסאן,אלטימה,2016,בנזין,2.5,"נתוני יצרן: 13.7 ק""מ לליטר","מבחן כביש: 11.5 ק""מ לליטר"
ניסאן,אלטימה,2019,בנזין,2.5,"נתוני יצרן: 13.2 ק""מ לליטר","מבחן כביש: 11.5 ק""מ לליטר"
ניסאן,אלטימה,2020,בנזין,2.5,"נתוני יצרן: 13.5 ק""מ לליטר","מבחן כביש: 11.5 ק""מ לליטר"
ניסאן,אקו מיקרה,2011,בנזין,1.2,"נתוני יצרן: ? ק""מ לליטר","מבחן כביש: 15 ק""מ לליטר"
ניסאן,אקס טרייל,2016,בנזין,1.6 דיזל,"נתוני יצרן: 19.6 ק""מ לליטר","מבחן כביש: 12.6 ק""מ לליטר"
ניסאן,אקס טרייל,2017,בנזין,1.6 דיזל,"נתוני יצרן: 19.6 ק""מ לליטר","מבחן כביש: 13 ק""מ לליטר"
ניסאן,אקס טרייל,2019,בנזין,1.3 בנזין,"נתוני יצרן: 15 ק""מ לליטר","מבחן כביש: 11.5 ק""מ לליטר"
ניסאן,אקס טרייל,2020,בנזין,1.3,"נתוני יצרן: 15 ק""מ לליטר","מבחן כביש: 11.5 ק""מ לליטר"
ניסאן,אקס טרייל,2020,דיזל,1.7,"נתוני יצרן: 17.5 ק""מ לליטר","מבחן כביש: 13 ק""מ לליטר"
ניסאן,אקס טרייל,2021,בנזין,1.3,"נתוני יצרן: 12 ק""מ לליטר","מבחן כביש: 11.5 ק""מ לליטר"
ניסאן,ג'וק,2011,בנזין,1.6,"נתוני יצרן: ? ק""מ לליטר","מבחן כביש: 11.6 ק""מ לליטר"
ניסאן,ג'וק,2014,בנזין,1.6,"נתוני יצרן: 15.8 ק""מ לליטר","מבחן כביש: 12 ק""מ לליטר"
ניסאן,טידה,2009,בנזין,1.6,"נתוני יצרן: ? ק""מ לליטר","מבחן כביש: 12.7 ק""מ לליטר"
ניסאן,ליפ,2021,חשמלי,סוללה 40 KWH,"נתוני יצרן: טווח נסיעה - 270 ק""מ","מבחן כביש: טווח נסיעה - 240 ק""מ"
ניסאן,מיקרה,2018,בנזין,1.2,"נתוני יצרן: 18.5 ק""מ לליטר","מבחן כביש: 14 ק""מ לליטר"
ניסאן,מקסימה,2015,בנזין,3.5,"נתוני יצרן: 9.3 ק""מ לליטר","מבחן כביש: 8.5 ק""מ לליטר"
ניסאן,מקסימה,2016,בנזין,3.5,"נתוני יצרן: 9.4 ק""מ לליטר","מבחן כביש: 9 ק""מ לליטר"
ניסאן,סנטרה,2016,בנזין,1.8,"נתוני יצרן: 14.7 ק""מ לליטר","מבחן כביש: 13 ק""מ לליטר"
ניסאן,סנטרה,2018,בנזין,1.8,"נתוני יצרן: 14.7 ק""מ לליטר","מבחן כביש: 12.5 ק""מ לליטר"
ניסאן,סנטרה,2019,בנזין,1.8,"נתוני יצרן: 11.3 ק""מ לליטר","מבחן כביש: 12.7 ק""מ לליטר"
ניסאן,סנטרה,2020,בנזין,1.8,"נתוני יצרן: 15 ק""מ לליטר","מבחן כביש: 12.5 ק""מ לליטר"
ניסאן,סנטרה,2020,בנזין,2,"נתוני יצרן: 14 ק""מ לליטר","מבחן כביש: 12.5 ק""מ לליטר"
ניסאן,סנטרה,2021,בנזין,2,"נתוני יצרן: 16.1 ק""מ לליטר","מבחן כביש: 12.5 ק""מ לליטר"
ניסאן,קשקאי,2010,בנזין,2,"נתוני יצרן: ? ק""מ לליטר","מבחן כביש: 10 ק""מ לליטר"
ניסאן,קשקאי,2016,בנזין,1.2 בנזין,"נתוני יצרן: 17.8 ק""מ לליטר","מבחן כביש: 10.8 ק""מ לליטר"
ניסאן,קשקאי,2016,בנזין,1.6 דיזל,"נתוני יצרן: 20.4 ק""מ לליטר","מבחן כביש: 12.4 ק""מ לליטר"
ניסאן,קשקאי,2017,בנזין,1.2 בנזין,"נתוני יצרן: 17.8 ק""מ לליטר","מבחן כביש: 11.5 ק""מ לליטר"
ניסאן,קשקאי,2017,בנזין,1.6 דיזל,"נתוני יצרן: 21.2 ק""מ לליטר","מבחן כביש: 13.5 ק""מ לליטר"
ניסאן,קשקאי,2017-18,בנזין,1.2 בנזין,"נתוני יצרן: 17.8 ק""מ לליטר","מבחן כביש: 12.5 ק""מ לליטר"
ניסאן,קשקאי,2018,בנזין,1.6 דיזל,"נתוני יצרן: 21.2 ק""מ לליטר","מבחן כביש: 13.5 ק""מ לליטר"
ניסאן,קשקאי,2019,בנזין,1.3 בנזין,"נתוני יצרן: 18.5 ק""מ לליטר","מבחן כביש: 14.5 ק""מ לליטר"
ניסאן,קשקאי,2019,בנזין,1.5 דיזל,"נתוני יצרן: 25 ק""מ לליטר","מבחן כביש: 18 ק""מ לליטר"
ניסאן,קשקאי,2020,בנזין,1.3 בנזין,"נתוני יצרן: 17.7 ק""מ לליטר","מבחן כביש: 14 ק""מ לליטר"
ניסאן,קשקאי,2020,דיזל,1.5,"נתוני יצרן: 24 ק""מ לליטר","מבחן כביש: 16.5 ק""מ לליטר"
ניסאן,קשקאי,2021,דיזל,1.5,"נתוני יצרן: 18.8 ק""מ לליטר","מבחן כביש: 16.5 ק""מ לליטר"
סאניונג,רודיוס,2009,בנזין,דיזל 2.7,"נתוני יצרן: ? ק""מ לליטר","מבחן כביש: 10.2 ק""מ לליטר"
סאניונג,רודיוס,2013,בנזין,דיזל 2.0,"נתוני יצרן: 12.8 ק""מ לליטר","מבחן כביש: 9.5 ק""מ לליטר"
סאניונג,רקסטון,2018,בנזין,2.2  דיזל,"נתוני יצרן: 12 ק""מ לליטר","מבחן כביש: 10 ק""מ לליטר"
סובארו,B3,2009,בנזין,1.6,"נתוני יצרן: ? ק""מ לליטר","מבחן כביש: 10 ק""מ לליטר"
סובארו,B4,2009,בנזין,2,"נתוני יצרן: ? ק""מ לליטר","מבחן כביש: 8.7 ק""מ לליטר"
סובארו,B4,2011,בנזין,2,"נתוני יצרן: ? ק""מ לליטר","מבחן כביש: 10.4 ק""מ לליטר"
סובארו,B4,2016,בנזין,2.5,"נתוני יצרן: 14.4 ק""מ לליטר","מבחן כביש: 11 ק""מ לליטר"
סובארו,XV,2012,בנזין,2,"נתוני יצרן: ? ק""מ לליטר","מבחן כביש: 11.5 ק""מ לליטר"
סובארו,XV,2014,בנזין,1.6,"נתוני יצרן: 15.8 ק""מ לליטר","מבחן כביש: 0.1 ק""מ לליטר"
סובארו,XV,2016,בנזין,2,"נתוני יצרן: 15.3 ק""מ לליטר","מבחן כביש: 10.7 ק""מ לליטר"
סובארו,XV,2016-17,בנזין,1.6,"נתוני יצרן: 15.8 ק""מ לליטר","מבחן כביש: 10.6 ק""מ לליטר"
סובארו,XV,2018,בנזין,1.6,"נתוני יצרן: 15.6 ק""מ לליטר","מבחן כביש: 11.8 ק""מ לליטר"
סובארו,XV,2018,בנזין,2,"נתוני יצרן: 17.2 ק""מ לליטר","מבחן כביש: 11.7 ק""מ לליטר"
סובארו,אאוטבק,2010,בנזין,2.5,"נתוני יצרן: ? ק""מ לליטר","מבחן כביש: 9.6 ק""מ לליטר"
סובארו,אימפרזה,2014,בנזין,1.6,"נתוני יצרן: 17.2 ק""מ לליטר","מבחן כביש: 12.5 ק""מ לליטר"
סובארו,אימפרזה,2017,בנזין,1.6,"נתוני יצרן: 16.1 ק""מ לליטר","מבחן כביש: 12 ק""מ לליטר"
סובארו,פורסטר,2011,בנזין,2,"נתוני יצרן: ? ק""מ לליטר","מבחן כביש: 11 ק""מ לליטר"
סובארו,פורסטר,2013,בנזין,2,"נתוני יצרן: 10.6 ק""מ לליטר","מבחן כביש: 15.3 ק""מ לליטר"
סובארו,פורסטר,2019,בנזין,2.5,"נתוני יצרן: 12.2 ק""מ לליטר","מבחן כביש: 10.5 ק""מ לליטר"
סוזוקי,S קרוס,2022,היברידי,1.4,"נתוני יצרן: 17.5 ק""מ לליטר","מבחן כביש: 15 ק""מ לליטר"
סוזוקי,SX4,2009,בנזין,1.6,"נתוני יצרן: ? ק""מ לליטר","מבחן כביש: 12.3 ק""מ לליטר"
סוזוקי,SX4,2010,בנזין,1.6,"נתוני יצרן: ? ק""מ לליטר","מבחן כביש: 13 ק""מ לליטר"
סוזוקי,SX4,2013,בנזין,1.6,"נתוני יצרן: 15.6 ק""מ לליטר","מבחן כביש: 13 ק""מ לליטר"
סוזוקי,SX4  הצ'בק,2011,בנזין,1.6,"נתוני יצרן: ? ק""מ לליטר","מבחן כביש: 12.8 ק""מ לליטר"
סוזוקי,איגניס,2017,בנזין,1.25,"נתוני יצרן: 20.8 ק""מ לליטר","מבחן כביש: 16.5 ק""מ לליטר"
סוזוקי,איגניס,2020,היברידי בנזין,1.2,"נתוני יצרן: 22.3 ק""מ לליטר","מבחן כביש: 18 ק""מ לליטר"
סוזוקי,אלטו,2011,בנזין,1,"נתוני יצרן: ? ק""מ לליטר","מבחן כביש: 15.7 ק""מ לליטר"
סוזוקי,באלנו,2016,בנזין,1.2,"נתוני יצרן: 21.2 ק""מ לליטר","מבחן כביש: 15.5 ק""מ לליטר"
סוזוקי,באלנו,2018,בנזין,1.2,"נתוני יצרן: 21.2 ק""מ לליטר","מבחן כביש: 16 ק""מ לליטר"
סוזוקי,באלנו,2019,בנזין,1.2,"נתוני יצרן: 21.2 ק""מ לליטר","מבחן כביש: 16 ק""מ לליטר"
סוזוקי,באלנו,2020,בנזין,1.2,"נתוני יצרן: 21.2 ק""מ לליטר","מבחן כביש: 16 ק""מ לליטר"
סוזוקי,ג'ימיני,2019,בנזין,1.5,"נתוני יצרן: 13.3 ק""מ לליטר","מבחן כביש: 11.5 ק""מ לליטר"
סוזוקי,גראד ויטרה,2010,בנזין,2.4,"נתוני יצרן: ? ק""מ לליטר","מבחן כביש: 8.7 ק""מ לליטר"
סוזוקי,ויטארה,2015,בנזין,1.6,"נתוני יצרן: 18.1 ק""מ לליטר","מבחן כביש: 14.3 ק""מ לליטר"
סוזוקי,ויטארה,2019,בנזין,1,"נתוני יצרן: 17.5 ק""מ לליטר","מבחן כביש: 15 ק""מ לליטר"
סוזוקי,ויטארה,2019,בנזין,1.4,"נתוני יצרן: 16.9 ק""מ לליטר","מבחן כביש: 14.5 ק""מ לליטר"
סוזוקי,ויטארה,2020,בנזין,1.4,"נתוני יצרן: 16.9 ק""מ לליטר","מבחן כביש: 14.5 ק""מ לליטר"
סוזוקי,ויטארה,2021,היברידי,1.4,"נתוני יצרן: 17.5 ק""מ לליטר","מבחן כביש: 15.5 ק""מ לליטר"
סוזוקי,ויטארה,2022,היברידי,1.4,"נתוני יצרן: 17.5 ק""מ לליטר","מבחן כביש: 15.5 ק""מ לליטר"
סוזוקי,ויטארה 4X4,2016-17,בנזין,1.6,"נתוני יצרן: 17.5 ק""מ לליטר","מבחן כביש: 13 ק""מ לליטר"
סוזוקי,סוויפט,2009,בנזין,1.2,"נתוני יצרן: 22.3 ק""מ לליטר","מבחן כביש: 18 ק""מ לליטר"
סוזוקי,סוויפט,2009,בנזין,1.5,"נתוני יצרן: ? ק""מ לליטר","מבחן כביש: 14.5 ק""מ לליטר"
סוזוקי,סוויפט,2011,בנזין,1.3,"נתוני יצרן: ? ק""מ לליטר","מבחן כביש: 13.8 ק""מ לליטר"
סוזוקי,סוויפט,2020,בנזין היברידי,1.2,"נתוני יצרן: 18.5 ק""מ לליטר","מבחן כביש: 16 ק""מ לליטר"
סוזוקי,סוויפט,2021,היברידי,1.2,"נתוני יצרן: 18.5 ק""מ לליטר","מבחן כביש: 15.5 ק""מ לליטר"
סוזוקי,סופר סוויפט,2015,בנזין,1.25,"נתוני יצרן: 17.8 ק""מ לליטר","מבחן כביש: 14 ק""מ לליטר"
סוזוקי,סופר סוויפט,2017,בנזין,1.25,"נתוני יצרן: 21.2 ק""מ לליטר","מבחן כביש: 15.8 ק""מ לליטר"
סוזוקי,סופר סוויפט,2018,בנזין,1.25,"נתוני יצרן: 21.2 ק""מ לליטר","מבחן כביש: 16 ק""מ לליטר"
סוזוקי,סופר סוויפט,2019,בנזין,1.25,"נתוני יצרן: 21.2 ק""מ לליטר","מבחן כביש: 16 ק""מ לליטר"
סוזוקי,סלריו,2016,בנזין,1,"נתוני יצרן: 23.2 ק""מ לליטר","מבחן כביש: 17 ק""מ לליטר"
סוזוקי,ספלאש,2010,בנזין,1.24,"נתוני יצרן: ? ק""מ לליטר","מבחן כביש: 14.3 ק""מ לליטר"
סוזוקי,קרוסאובר,2013,בנזין,1.6,"נתוני יצרן: 18.1 ק""מ לליטר","מבחן כביש: 13.5 ק""מ לליטר"
סוזוקי,קרוסאובר,2015,בנזין,1.6,"נתוני יצרן: 17.5 ק""מ לליטר","מבחן כביש: 13.5 ק""מ לליטר"
סוזוקי,קרוסאובר,2017,בנזין,1.4,"נתוני יצרן: 18.5 ק""מ לליטר","מבחן כביש: 13.3 ק""מ לליטר"
סוזוקי,קרוסאובר,2018,בנזין,1.4,"נתוני יצרן: 18.5 ק""מ לליטר","מבחן כביש: 14.5 ק""מ לליטר"
סוזוקי,קרוסאובר,2019,בנזין,1.4,"נתוני יצרן: 18.5 ק""מ לליטר","מבחן כביש: 14.5 ק""מ לליטר"
סוזוקי,קרוסאובר,2020,בנזין,1.4,"נתוני יצרן: 18.5 ק""מ לליטר","מבחן כביש: 14.5 ק""מ לליטר"
סוזוקי,קרוסאובר,2021,היברידי,בנזין 1.4,"נתוני יצרן: 17.5 ק""מ לליטר","מבחן כביש: 15.5 ק""מ לליטר"
סוזוקי,קרוסאובר,2022,היברידי,1.4,"נתוני יצרן: 17.5 ק""מ לליטר","מבחן כביש: 14 ק""מ לליטר"
סיאט,אטקה,2017,בנזין,1.4,"נתוני יצרן: 18.2 ק""מ לליטר","מבחן כביש: 13 ק""מ לליטר"
סיאט,אטקה,2019,בנזין,1.4,"נתוני יצרן: 17.5 ק""מ לליטר","מבחן כביש: 13 ק""מ לליטר"
סיאט,אטקה,2020,בנזין,1.5,"נתוני יצרן: 17.4 ק""מ לליטר","מבחן כביש: 13 ק""מ לליטר"
סיאט,אטקה,2021,בנזין,1.5,"נתוני יצרן: 17.4 ק""מ לליטר","מבחן כביש: 13 ק""מ לליטר"
סיאט,איביזה,2015,בנזין,1,"נתוני יצרן: 22.7 ק""מ לליטר","מבחן כביש: 16 ק""מ לליטר"
סיאט,איביזה,2015,בנזין,1.2,"נתוני יצרן: 19.2 ק""מ לליטר","מבחן כביש: 13 ק""מ לליטר"
סיאט,איביזה,2018,בנזין,1,"נתוני יצרן: 21.2 ק""מ לליטר","מבחן כביש: 15.5 ק""מ לליטר"
סיאט,איביזה,2021,בנזין,1,"נתוני יצרן: 16.9 ק""מ לליטר","מבחן כביש: 14 ק""מ לליטר"
סיאט,איביזה,2022,בנזין,1.5,"נתוני יצרן: 16.1 ק""מ לליטר","מבחן כביש: 14 ק""מ לליטר"
סיאט,אלהמברה,2013,בנזין,1.4 בנזין טורבו,"נתוני יצרן: 13.1 ק""מ לליטר","מבחן כביש: 11 ק""מ לליטר"
סיאט,ארונה,2018,בנזין,1,"נתוני יצרן: 20 ק""מ לליטר","מבחן כביש: 14.5 ק""מ לליטר"
סיאט,ארונה,2019,בנזין,1,"נתוני יצרן: 20 ק""מ לליטר","מבחן כביש: 15.5 ק""מ לליטר"
סיאט,ארונה,2022,בנזין,1,"נתוני יצרן: 16.6 ק""מ לליטר","מבחן כביש: 13.5 ק""מ לליטר"
סיאט,טולדו,2014,בנזין,1.4,"נתוני יצרן: 17.2 ק""מ לליטר","מבחן כביש: 14 ק""מ לליטר"
סיאט,טולדו,2014,דיזל,1.6,"נתוני יצרן: 22.2 ק""מ לליטר","מבחן כביש: 18.5 ק""מ לליטר"
סיאט,ליאון סטישן אוטו,2014,בנזין,1.2 TSI,"נתוני יצרן: 20 ק""מ לליטר","מבחן כביש: 15 ק""מ לליטר"
סיטרואן,C-אליזה,2013,בנזין,1.6,"נתוני יצרן: ? ק""מ לליטר","מבחן כביש: 10.6 ק""מ לליטר"
סיטרואן,C1,2012,בנזין,1,"נתוני יצרן: 20 ק""מ לליטר","מבחן כביש: 16 ק""מ לליטר"
סיטרואן,C1,2014,בנזין,1,"נתוני יצרן: 23.8 ק""מ לליטר","מבחן כביש: 15 ק""מ לליטר"
סיטרואן,C3,2010,בנזין,1.6,"נתוני יצרן: ? ק""מ לליטר","מבחן כביש: 11.4 ק""מ לליטר"
סיטרואן,C3,2012,בנזין,1.6 דיזל,"נתוני יצרן: ? ק""מ לליטר","מבחן כביש: 16 ק""מ לליטר"
סיטרואן,C3,2017,בנזין,1.2 בנזין,"נתוני יצרן: 20.4 ק""מ לליטר","מבחן כביש: 14.4 ק""מ לליטר"
סיטרואן,C3,2019,בנזין,1.2,"נתוני יצרן: 20.4 ק""מ לליטר","מבחן כביש: 14 ק""מ לליטר"
סיטרואן,C3,2022,בנזין,1.2,"נתוני יצרן: 16.6 ק""מ לליטר","מבחן כביש: 14 ק""מ לליטר"
סיטרואן,C3 איר קרוס,2018,בנזין,1.2 בנזין,"נתוני יצרן: 17.8 ק""מ לליטר","מבחן כביש: 13 ק""מ לליטר"
סיטרואן,C3 פיקאסו,2011,בנזין,1.4 בנזין,"נתוני יצרן: ? ק""מ לליטר","מבחן כביש: 14.5 ק""מ לליטר"
סיטרואן,C3 פיקאסו,2012,בנזין,1.6 דיזל,"נתוני יצרן: ? ק""מ לליטר","מבחן כביש: 16.5 ק""מ לליטר"
סיטרואן,C4,2010,בנזין,1.6,"נתוני יצרן: ? ק""מ לליטר","מבחן כביש: 10.2 ק""מ לליטר"
סיטרואן,C4,2011,בנזין,1.6,"נתוני יצרן: ? ק""מ לליטר","מבחן כביש: 11.5 ק""מ לליטר"
סיטרואן,C4,2015,בנזין,1.2,"נתוני יצרן: 20.4 ק""מ לליטר","מבחן כביש: 14.5 ק""מ לליטר"
סיטרואן,C4,2021,בנזין,1.2,"נתוני יצרן: 16.6 ק""מ לליטר","מבחן כביש: 13 ק""מ לליטר"
סיטרואן,C4 e,2021,חשמלי,סוללה 50 KWH,"נתוני יצרן: טווח נסיעה - 351 ק""מ","מבחן כביש: טווח נסיעה - 275 ק""מ"
סיטרואן,C4 ספייס טורר,2018,בנזין,1.2 בנזין,"נתוני יצרן: 19.6 ק""מ לליטר","מבחן כביש: 12.5 ק""מ לליטר"
סיטרואן,C4 ספייס טורר,2019,בנזין,1.2,"נתוני יצרן: 19.6 ק""מ לליטר","מבחן כביש: 13 ק""מ לליטר"
סיטרואן,C4 ספייס טורר,2020,בנזין,1.2,"נתוני יצרן: 19.6 ק""מ לליטר","מבחן כביש: 13 ק""מ לליטר"
סיטרואן,C4 פיקאסו,2009,בנזין,2,"נתוני יצרן: ? ק""מ לליטר","מבחן כביש: 9.5 ק""מ לליטר"
סיטרואן,C4 פיקאסו,2010,בנזין,1.6,"נתוני יצרן: ? ק""מ לליטר","מבחן כביש: 10.5 ק""מ לליטר"
סיטרואן,C4 פיקאסו,2012,בנזין,1.6,"נתוני יצרן: ? ק""מ לליטר","מבחן כביש: 11 ק""מ לליטר"
סיטרואן,C4 פיקאסו,2014,בנזין,1.6 בנזין,"נתוני יצרן: 17.8 ק""מ לליטר","מבחן כביש: 11.6 ק""מ לליטר"
סיטרואן,C4 פיקאסו,2014,בנזין,2.0 דיזל,"נתוני יצרן: 22.2 ק""מ לליטר","מבחן כביש: 16 ק""מ לליטר"
סיטרואן,C4 פיקאסו,2016,בנזין,1.6 בנזין,"נתוני יצרן: 17.9 ק""מ לליטר","מבחן כביש: 12.3 ק""מ לליטר"
סיטרואן,C4 פיקאסו,2017,בנזין,1.6 דיזל,"נתוני יצרן: 25 ק""מ לליטר","מבחן כביש: 14 ק""מ לליטר"
סיטרואן,C5,2010,בנזין,2,"נתוני יצרן: ? ק""מ לליטר","מבחן כביש: 8.7 ק""מ לליטר"
סיטרואן,C5,2010,בנזין,3,"נתוני יצרן: ? ק""מ לליטר","מבחן כביש: 8.4 ק""מ לליטר"
סיטרואן,C5,2011,בנזין,1.6,"נתוני יצרן: ? ק""מ לליטר","מבחן כביש: 10.5 ק""מ לליטר"
סיטרואן,C5 אייר קרוס,2019,בנזין,1.6,"נתוני יצרן: 17.5 ק""מ לליטר","מבחן כביש: 12.5 ק""מ לליטר"
סיטרואן,C5 אייר קרוס,2022,דיזל,1.5,"נתוני יצרן: 18.8 ק""מ לליטר","מבחן כביש: 15 ק""מ לליטר"
סיטרואן,DS-4,2013,בנזין,1.6,"נתוני יצרן: 12 ק""מ לליטר","מבחן כביש: 10.5 ק""מ לליטר"
סיטרואן,DS-5,2012,בנזין,1.6,"נתוני יצרן: ? ק""מ לליטר","מבחן כביש: 9.2 ק""מ לליטר"
סיטרואן,ברלינגו,2010,בנזין,דיזל 1.6,"נתוני יצרן: ? ק""מ לליטר","מבחן כביש: 12.5 ק""מ לליטר"
סיטרואן,ברלינגו,2016,בנזין,"דיזל 1.6 75 כ""ס","נתוני יצרן: 23.3 ק""מ לליטר","מבחן כביש: 14.5 ק""מ לליטר"
סיטרואן,ברלינגו,2018,בנזין,דיזל 1.6 אוטומט,"נתוני יצרן: 23.8 ק""מ לליטר","מבחן כביש: 15.5 ק""מ לליטר"
סיטרואן,ג'מפי,2010,בנזין,דיזל 1.6,"נתוני יצרן: ? ק""מ לליטר","מבחן כביש: 11.7 ק""מ לליטר"
סיטרואן,ג'מפי קומבי,2010,בנזין,דיזל 1.6,"נתוני יצרן: ? ק""מ לליטר","מבחן כביש: 11.7 ק""מ לליטר"
סיטרואן,גראנד ספייס טורר C4,2021,בנזין,1.2,"נתוני יצרן: 14.7 ק""מ לליטר","מבחן כביש: 12 ק""מ לליטר"
סיטרואן,קקטוס,2015,בנזין,1.2,"נתוני יצרן: 21.7 ק""מ לליטר","מבחן כביש: 13.5 ק""מ לליטר"
סיטרואן,קקטוס,2017,בנזין,1.2,"נתוני יצרן: 21.7 ק""מ לליטר","מבחן כביש: 13.8 ק""מ לליטר"
סיטרואן,קקטוס,2019,בנזין,1.2,"נתוני יצרן: 19.6 ק""מ לליטר","מבחן כביש: 14.5 ק""מ לליטר"
סניונג,טיבולי,2016,בנזין,1.6,"נתוני יצרן: 13.8 ק""מ לליטר","מבחן כביש: 12 ק""מ לליטר"
סקודה,אוקטביה,2010,בנזין,1.6,"נתוני יצרן: ? ק""מ לליטר","מבחן כביש: 11.3 ק""מ לליטר"
סקודה,אוקטביה,2014,בנזין,1.4,"נתוני יצרן: 20 ק""מ לליטר","מבחן כביש: 15.5 ק""מ לליטר"
סקודה,אוקטביה,2014,בנזין,1.8,"נתוני יצרן: 17.5 ק""מ לליטר","מבחן כביש: 12 ק""מ לליטר"
סקודה,אוקטביה,2019,בנזין,1,"נתוני יצרן: 21.7 ק""מ לליטר","מבחן כביש: 11.5 ק""מ לליטר"
סקודה,אוקטביה,2019,בנזין,1.5,"נתוני יצרן: 20 ק""מ לליטר","מבחן כביש: 15 ק""מ לליטר"
סקודה,אוקטביה,2020,בנזין,1,"נתוני יצרן: 22.4 ק""מ לליטר","מבחן כביש: 14.5 ק""מ לליטר"
סקודה,אוקטביה,2020,בנזין,1.5,"נתוני יצרן: 20 ק""מ לליטר","מבחן כביש: 15 ק""מ לליטר"
סקודה,אוקטביה,2021,בנזין,1.5,"נתוני יצרן: 17.8 ק""מ לליטר","מבחן כביש: 14 ק""מ לליטר"
סקודה,אוקטביה ספייס,2014,בנזין,1.2,"נתוני יצרן: 20 ק""מ לליטר","מבחן כביש: 13.3 ק""מ לליטר"
סקודה,אניאק,2021,חשמלי,"סוללה 82 קוט""ש","נתוני יצרן: טווח נסיעה - 517 ק""מ","מבחן כביש: טווח נסיעה - 445 ק""מ"
סקודה,ייטי,2011,בנזין,1.2,"נתוני יצרן: ? ק""מ לליטר","מבחן כביש: 12.7 ק""מ לליטר"
סקודה,סופרב,2010,בנזין,1.8,"נתוני יצרן: ? ק""מ לליטר","מבחן כביש: 11 ק""מ לליטר"
סקודה,סופרב,2013,בנזין,1.8,"נתוני יצרן: 13.4 ק""מ לליטר","מבחן כביש: 11.8 ק""מ לליטר"
סקודה,סופרב,2015,בנזין,1.4,"נתוני יצרן: 19.6 ק""מ לליטר","מבחן כביש: 14 ק""מ לליטר"
סקודה,סופרב,2015,בנזין,1.8,"נתוני יצרן: 17.5 ק""מ לליטר","מבחן כביש: 12.7 ק""מ לליטר"
סקודה,סופרב,2017,בנזין,1.4,"נתוני יצרן: 19.6 ק""מ לליטר","מבחן כביש: 14 ק""מ לליטר"
סקודה,סופרב,2017,בנזין,1.8,"נתוני יצרן: 15.5 ק""מ לליטר","מבחן כביש: 13 ק""מ לליטר"
סקודה,סופרב,2018,בנזין,1.4,"נתוני יצרן: 18.8 ק""מ לליטר","מבחן כביש: 14 ק""מ לליטר"
סקודה,סופרב,2018,בנזין,1.8,"נתוני יצרן: 16.9 ק""מ לליטר","מבחן כביש: 13 ק""מ לליטר"
סקודה,סופרב,2019,בנזין,1.5,"נתוני יצרן: 18.3 ק""מ לליטר","מבחן כביש: 13 ק""מ לליטר"
סקודה,סופרב,2020,בנזין,2,"נתוני יצרן: 16 ק""מ לליטר","מבחן כביש: 13 ק""מ לליטר"
סקודה,סופרב,2021,בנזין,2,"נתוני יצרן: 13.8 ק""מ לליטר","מבחן כביש: 13 ק""מ לליטר"
סקודה,סיטיגו,2013,בנזין,1,"נתוני יצרן: 22.7 ק""מ לליטר","מבחן כביש: 15 ק""מ לליטר"
סקודה,סקאלה,2020,בנזין,1,"נתוני יצרן: 19.6 ק""מ לליטר","מבחן כביש: 15 ק""מ לליטר"
סקודה,סקאלה,2021,בנזין,1,"נתוני יצרן: 17.5 ק""מ לליטר","מבחן כביש: 14.5 ק""מ לליטר"
סקודה,פאביה,2011,בנזין,1.2,"נתוני יצרן: ? ק""מ לליטר","מבחן כביש: 13.8 ק""מ לליטר"
סקודה,פאביה,2015,בנזין,1.2,"נתוני יצרן: 22.2 ק""מ לליטר","מבחן כביש: 13.5 ק""מ לליטר"
סקודה,פאביה,2018,בנזין,1,"נתוני יצרן: 18.5 ק""מ לליטר","מבחן כביש: 14.5 ק""מ לליטר"
סקודה,פאביה,2022,בנזין,1,"נתוני יצרן: 16.9 ק""מ לליטר","מבחן כביש: 15 ק""מ לליטר"
סקודה,קאמיק,2020,בנזין,1,"נתוני יצרן: 20 ק""מ לליטר","מבחן כביש: 14.5 ק""מ לליטר"
סקודה,קאמיק,2021,בנזין,1,"נתוני יצרן: 17 ק""מ לליטר","מבחן כביש: 14.5 ק""מ לליטר"
סקודה,קאמיק,2021,בנזין,1.5,"נתוני יצרן: 15.8 ק""מ לליטר","מבחן כביש: 14 ק""מ לליטר"
סקודה,קארוק,2018,בנזין,1,"נתוני יצרן: 18.8 ק""מ לליטר","מבחן כביש: 14 ק""מ לליטר"
סקודה,קארוק,2018,בנזין,1.5,"נתוני יצרן: 18.1 ק""מ לליטר","מבחן כביש: 13.5 ק""מ לליטר"
סקודה,קארוק,2019,בנזין,1.5,"נתוני יצרן: 17.8 ק""מ לליטר","מבחן כביש: 14 ק""מ לליטר"
סקודה,קארוק,2020,בנזין,1.5,"נתוני יצרן: 17.8 ק""מ לליטר","מבחן כביש: 14 ק""מ לליטר"
סקודה,קארוק,2021,בנזין,1.5,"נתוני יצרן: 15.1 ק""מ לליטר","מבחן כביש: 13 ק""מ לליטר"
סקודה,קודיאק,2017,בנזין,1.4,"נתוני יצרן: 15.8 ק""מ לליטר","מבחן כביש: 11 ק""מ לליטר"
סקודה,קודיאק,2019,בנזין,1.5,"נתוני יצרן: 15.8 ק""מ לליטר","מבחן כביש: 13 ק""מ לליטר"
סקודה,קודיאק,2019,בנזין,2.0 דיזל,"נתוני יצרן: 20 ק""מ לליטר","מבחן כביש: 15 ק""מ לליטר"
סקודה,קודיאק,2020,בנזין,1.5,"נתוני יצרן: 15.8 ק""מ לליטר","מבחן כביש: 13 ק""מ לליטר"
סקודה,קודיאק,2020,דיזל,2,"נתוני יצרן: 20 ק""מ לליטר","מבחן כביש: 14.5 ק""מ לליטר"
סקודה,קודיאק,2021,בנזין,1.5,"נתוני יצרן: 13 ק""מ לליטר","מבחן כביש: 12 ק""מ לליטר"
סקודה,ראפיד,2013,בנזין,1.4,"נתוני יצרן: 17.2 ק""מ לליטר","מבחן כביש: 13.5 ק""מ לליטר"
סקודה,ראפיד,2016,בנזין,1.2,"נתוני יצרן: 21.7 ק""מ לליטר","מבחן כביש: 14.5 ק""מ לליטר"
סקודה,ראפיד,2017,בנזין,1,"נתוני יצרן: 21.7 ק""מ לליטר","מבחן כביש: 14.7 ק""מ לליטר"
סקודה,ראפיד,2017,בנזין,1.2,"נתוני יצרן: 21.7 ק""מ לליטר","מבחן כביש: 14.5 ק""מ לליטר"
סקודה,רומסטר,2010,בנזין,1.6,"נתוני יצרן: ? ק""מ לליטר","מבחן כביש: 9.3 ק""מ לליטר"
סקודה,רומסטר,2014,בנזין,1.2,"נתוני יצרן: 18.5 ק""מ לליטר","מבחן כביש: 13 ק""מ לליטר"
סרס,3,2021,חשמלי,KWH-52.7,"נתוני יצרן: טווח נסיעה - 301 ק""מ","מבחן כביש: טווח נסיעה - 264 ק""מ"
פולקסווגן,ג'טה,2010,בנזין,1.6,"נתוני יצרן: ? ק""מ לליטר","מבחן כביש: 12.2 ק""מ לליטר"
פולקסווגן,ג'טה,2011,בנזין,1.4 TSI בנזין,"נתוני יצרן: ? ק""מ לליטר","מבחן כביש: 12.5 ק""מ לליטר"
פולקסווגן,ג'טה,2012,בנזין,1.2 TSI בנזין,"נתוני יצרן: ? ק""מ לליטר","מבחן כביש: 11.6 ק""מ לליטר"
פולקסווגן,ג'טה,2015,בנזין,1.2 TSI בנזין,"נתוני יצרן: 20.4 ק""מ לליטר","מבחן כביש: 14 ק""מ לליטר"
פולקסווגן,ג'טה,2017,בנזין,1.2 TSI בנזין,"נתוני יצרן: 20.4 ק""מ לליטר","מבחן כביש: 14.5 ק""מ לליטר"
פולקסווגן,גולף,2015,בנזין,1.4,"נתוני יצרן: 20 ק""מ לליטר","מבחן כביש: 13.3 ק""מ לליטר"
פולקסווגן,גולף,2017,בנזין,1.4,"נתוני יצרן: 20 ק""מ לליטר","מבחן כביש: 14 ק""מ לליטר"
פולקסווגן,גולף- חדש,2017,בנזין,1.4,"נתוני יצרן: 19.6 ק""מ לליטר","מבחן כביש: 14.2 ק""מ לליטר"
פולקסווגן,חיפושית,2014,בנזין,1.2 TSI בנזין,"נתוני יצרן: 16.9 ק""מ לליטר","מבחן כביש: 13.5 ק""מ לליטר"
פולקסווגן,טוראן,2011,בנזין,1.4,"נתוני יצרן: ? ק""מ לליטר","מבחן כביש: 11.4 ק""מ לליטר"
פולקסווגן,טי קרוס,2020,בנזין,1,"נתוני יצרן: 20 ק""מ לליטר","מבחן כביש: 14.5 ק""מ לליטר"
פולקסווגן,טיגואן,2015,בנזין,1.4,"נתוני יצרן: 14 ק""מ לליטר","מבחן כביש: 11 ק""מ לליטר"
פולקסווגן,טיגואן,2017,בנזין,2,"נתוני יצרן: 13.5 ק""מ לליטר","מבחן כביש: 10 ק""מ לליטר"
פולקסווגן,טרנספורטר,2012,בנזין,2,"נתוני יצרן: ? ק""מ לליטר","מבחן כביש: 11.8 ק""מ לליטר"
פולקסווגן,טרנספורטר,2012,דיזל,"דיזל 2.0 140 כ""ס","נתוני יצרן: ? ק""מ לליטר","מבחן כביש: 11.8 ק""מ לליטר"
פולקסווגן,פאסאט,2009,בנזין,2,"נתוני יצרן: ? ק""מ לליטר","מבחן כביש: 9 ק""מ לליטר"
פולקסווגן,פאסאט,2011,בנזין,1.8,"נתוני יצרן: ? ק""מ לליטר","מבחן כביש: 12.4 ק""מ לליטר"
פולקסווגן,פאסאט,2011,בנזין,2,"נתוני יצרן: ? ק""מ לליטר","מבחן כביש: 12 ק""מ לליטר"
פולקסווגן,פאסאט,2012,בנזין,1.8,"נתוני יצרן: 14.4 ק""מ לליטר","מבחן כביש: 12.2 ק""מ לליטר"
פולקסווגן,פאסאט,2015,בנזין,1.4,"נתוני יצרן: 19.2 ק""מ לליטר","מבחן כביש: 13 ק""מ לליטר"
פולקסווגן,פאסאט,2015-16,בנזין,1.8,"נתוני יצרן: 17.5 ק""מ לליטר","מבחן כביש: 12 ק""מ לליטר"
פולקסווגן,פאסאט,2018,בנזין,1.8,"נתוני יצרן: 17.5 ק""מ לליטר","מבחן כביש: 13 ק""מ לליטר"
פולקסווגן,פולו,2011,בנזין,1.2,"נתוני יצרן: ? ק""מ לליטר","מבחן כביש: 13.3 ק""מ לליטר"
פולקסווגן,פולו,2015,בנזין,1.2,"נתוני יצרן: 21.2 ק""מ לליטר","מבחן כביש: 14.2 ק""מ לליטר"
פולקסווגן,פולו,2018,בנזין,1,"נתוני יצרן: 21.2 ק""מ לליטר","מבחן כביש: 15 ק""מ לליטר"
פולקסווגן,קאדי,2012,בנזין,בנזין TSI 1.2,"נתוני יצרן: ? ק""מ לליטר","מבחן כביש: 10.5 ק""מ לליטר"
פורד,S-MAX,2010,בנזין,2.3,"נתוני יצרן: ? ק""מ לליטר","מבחן כביש: 8.8 ק""מ לליטר"
פורד,אדג',2009,בנזין,3.5,"נתוני יצרן: ? ק""מ לליטר","מבחן כביש: 6.8 ק""מ לליטר"
פורד,אדג',2012,בנזין,3.5,"נתוני יצרן: ? ק""מ לליטר","מבחן כביש: 7.2 ק""מ לליטר"
פורד,אדג',2016,בנזין,3.5,"נתוני יצרן: 8.5 ק""מ לליטר","מבחן כביש: 8 ק""מ לליטר"
פורד,אדג',2019-20,בנזין,2,"נתוני יצרן: 10.6 ק""מ לליטר","מבחן כביש: 8 ק""מ לליטר"
פורד,אקספלורר,2012,בנזין,3.5,"נתוני יצרן: 8.3 ק""מ לליטר","מבחן כביש: 7.3 ק""מ לליטר"
פורד,גאלקסי,2010,בנזין,2.3,"נתוני יצרן: ? ק""מ לליטר","מבחן כביש: 8.6 ק""מ לליטר"
פורד,מונדיאו,2010,בנזין,2.3,"נתוני יצרן: ? ק""מ לליטר","מבחן כביש: 9.3 ק""מ לליטר"
פורד,מונדיאו,2012,בנזין,2,"נתוני יצרן: ? ק""מ לליטר","מבחן כביש: 10 ק""מ לליטר"
פורד,פוקוס,2010,בנזין,1.6,"נתוני יצרן: ? ק""מ לליטר","מבחן כביש: 9.8 ק""מ לליטר"
פורד,פוקוס 4 דלתות,2011,בנזין,1.6,"נתוני יצרן: ? ק""מ לליטר","מבחן כביש: 11.3 ק""מ לליטר"
פורד,פוקוס 5 דל' ידני,2011,בנזין,1.6,"נתוני יצרן: ? ק""מ לליטר","מבחן כביש: 11.4 ק""מ לליטר"
פורד,פוקוס אקטיב X,2020,בנזין,1.5,"נתוני יצרן: 17.3 ק""מ לליטר","מבחן כביש: 13 ק""מ לליטר"
פורד,פוקוס טורר,2011,בנזין,1.6,"נתוני יצרן: ? ק""מ לליטר","מבחן כביש: 11 ק""מ לליטר"
פורד,פוקוס טורר,2016,בנזין,1.5,"נתוני יצרן: 16.1 ק""מ לליטר","מבחן כביש: 10.5 ק""מ לליטר"
פורד,פיאסטה,2009,בנזין,1.4,"נתוני יצרן: ? ק""מ לליטר","מבחן כביש: 11.6 ק""מ לליטר"
פורד,פיאסטה,2013,בנזין,1.6,"נתוני יצרן: 15.5 ק""מ לליטר","מבחן כביש: 13 ק""מ לליטר"
פורד,קוגה,2013,בנזין,1.6,"נתוני יצרן: 12.9 ק""מ לליטר","מבחן כביש: 8.8 ק""מ לליטר"
פורד,קוגה,2016,בנזין,1.5,"נתוני יצרן: 14.9 ק""מ לליטר","מבחן כביש: 9 ק""מ לליטר"
פורד,קוגה,2017,בנזין,1.5,"נתוני יצרן: 14.9 ק""מ לליטר","מבחן כביש: 9 ק""מ לליטר"
פורד,קוגה,2019,בנזין,1.5,"נתוני יצרן: 11 ק""מ לליטר","מבחן כביש: 10 ק""מ לליטר"
פיאט,500,2010,בנזין,1.2,"נתוני יצרן: ? ק""מ לליטר","מבחן כביש: 14 ק""מ לליטר"
פיאט,500,2016,בנזין,1.2,"נתוני יצרן: 20.8 ק""מ לליטר","מבחן כביש: 15.2 ק""מ לליטר"
פיאט,500 X,2016,בנזין,1.4,"נתוני יצרן: 17.5 ק""מ לליטר","מבחן כביש: 12 ק""מ לליטר"
פיאט,בראבו,2011,בנזין,1.4,"נתוני יצרן: ? ק""מ לליטר","מבחן כביש: 11.5 ק""מ לליטר"
פיאט,טיפו,2016,בנזין,1.6,"נתוני יצרן: 15.8 ק""מ לליטר","מבחן כביש: 11.5 ק""מ לליטר"
פיג'ו,107,2010,בנזין,1,"נתוני יצרן: ? ק""מ לליטר","מבחן כביש: 14 ק""מ לליטר"
פיג'ו,107,2012,בנזין,1,"נתוני יצרן: ? ק""מ לליטר","מבחן כביש: 19.5 ק""מ לליטר"
פיג'ו,2008,2015,בנזין,1.6,"נתוני יצרן: 15.3 ק""מ לליטר","מבחן כביש: 11.5 ק""מ לליטר"
פיג'ו,2008,2019,בנזין,1.2,"נתוני יצרן: 20.8 ק""מ לליטר","מבחן כביש: 14.5 ק""מ לליטר"
פיג'ו,2008,2021,חשמלי,סוללה 50 KWH,"נתוני יצרן: טווח נסיעה - 320 ק""מ","מבחן כביש: טווח נסיעה - 240 ק""מ"
פיג'ו,2008 חדש,2020,בנזין,1.2 בנזין,"נתוני יצרן: 20.8 ק""מ לליטר","מבחן כביש: 14.5 ק""מ לליטר"
פיג'ו,2008 חדש,2020,בנזין,1.5 דיזל,"נתוני יצרן: 26.3 ק""מ לליטר","מבחן כביש: 17.5 ק""מ לליטר"
פיג'ו,2008 חדש,2022,בנזין,1.2,"נתוני יצרן: 16.4 ק""מ לליטר","מבחן כביש: 14 ק""מ לליטר"
פיג'ו,208,2013,בנזין,1.6,"נתוני יצרן: 14.9 ק""מ לליטר","מבחן כביש: 12.2 ק""מ לליטר"
פיג'ו,208,2015,בנזין,1.2,"נתוני יצרן: 20 ק""מ לליטר","מבחן כביש: 13.5 ק""מ לליטר"
פיג'ו,208,2019,בנזין,1.2,"נתוני יצרן: 19.5 ק""מ לליטר","מבחן כביש: 13.5 ק""מ לליטר"
פיג'ו,208,2021,בנזין,1.2,"נתוני יצרן: 18.8 ק""מ לליטר","מבחן כביש: 13.5 ק""מ לליטר"
פיג'ו,3008,2015,בנזין,1.6,"נתוני יצרן: 16.6 ק""מ לליטר","מבחן כביש: 10.8 ק""מ לליטר"
פיג'ו,3008,2017,בנזין,1.6 בנזין,"נתוני יצרן: 17 ק""מ לליטר","מבחן כביש: 13.4 ק""מ לליטר"
פיג'ו,3008,2017,בנזין,1.6 דיזל,"נתוני יצרן: 23 ק""מ לליטר","מבחן כביש: 15 ק""מ לליטר"
פיג'ו,3008,2018,בנזין,1.6 דיזל,"נתוני יצרן: 23.8 ק""מ לליטר","מבחן כביש: 15.5 ק""מ לליטר"
פיג'ו,3008,2019,בנזין,1.2,"נתוני יצרן: 19.2 ק""מ לליטר","מבחן כביש: 13.5 ק""מ לליטר"
פיג'ו,3008,2019,דיזל,1.5,"נתוני יצרן: 24.3 ק""מ לליטר","מבחן כביש: 15.5 ק""מ לליטר"
פיג'ו,3008,2020,בנזין,1.2,"נתוני יצרן: 19 ק""מ לליטר","מבחן כביש: 13.5 ק""מ לליטר"
פיג'ו,3008,2020,דיזל,1.5,"נתוני יצרן: 24 ק""מ לליטר","מבחן כביש: 15.5 ק""מ לליטר"
פיג'ו,3008,2021,בנזין,1.2,"נתוני יצרן: 15.3 ק""מ לליטר","מבחן כביש: 12.5 ק""מ לליטר"
פיג'ו,3008,2021,דיזל,1.5,"נתוני יצרן: 18.9 ק""מ לליטר","מבחן כביש: 17 ק""מ לליטר"
פיג'ו,3008,2022,בנזין,1.2,"נתוני יצרן: 15.6 ק""מ לליטר","מבחן כביש: 12.5 ק""מ לליטר"
פיג'ו,301,2013,בנזין,1.6,"נתוני יצרן: 12.8 ק""מ לליטר","מבחן כביש: 10 ק""מ לליטר"
פיג'ו,301,2016,בנזין,1.6,"נתוני יצרן: 14 ק""מ לליטר","מבחן כביש: 10.6 ק""מ לליטר"
פיג'ו,308,2010,בנזין,1.6,"נתוני יצרן: ? ק""מ לליטר","מבחן כביש: 10.4 ק""מ לליטר"
פיג'ו,308,2014,בנזין,1.2,"נתוני יצרן: 19.2 ק""מ לליטר","מבחן כביש: 15 ק""מ לליטר"
פיג'ו,308 SW,2010,בנזין,1.6,"נתוני יצרן: ? ק""מ לליטר","מבחן כביש: 8.9 ק""מ לליטר"
פיג'ו,308 SW,2015,בנזין,1.2,"נתוני יצרן: 19.2 ק""מ לליטר","מבחן כביש: 13.5 ק""מ לליטר"
פיג'ו,308 SW,2017,בנזין,1.2,"נתוני יצרן: 19.2 ק""מ לליטר","מבחן כביש: 13 ק""מ לליטר"
פיג'ו,308 SW,2018,בנזין,1.2,"נתוני יצרן: 20.4 ק""מ לליטר","מבחן כביש: 13 ק""מ לליטר"
פיג'ו,407,2010,בנזין,1.2,"נתוני יצרן: 14.9 ק""מ לליטר","מבחן כביש: 12.5 ק""מ לליטר"
פיג'ו,407,2010,בנזין,2,"נתוני יצרן: ? ק""מ לליטר","מבחן כביש: 8.5 ק""מ לליטר"
פיג'ו,5008,2011,בנזין,1.6,"נתוני יצרן: ? ק""מ לליטר","מבחן כביש: 10 ק""מ לליטר"
פיג'ו,5008,2018,בנזין,בנזין  1.6,"נתוני יצרן: 17.2 ק""מ לליטר","מבחן כביש: 12.5 ק""מ לליטר"
פיג'ו,5008,2018,דיזל,דיזל  1.6,"נתוני יצרן: 23.2 ק""מ לליטר","מבחן כביש: 14.5 ק""מ לליטר"
פיג'ו,5008,2019,בנזין,בנזין  1.2,"נתוני יצרן: 17.5 ק""מ לליטר","מבחן כביש: 12 ק""מ לליטר"
פיג'ו,5008,2019,בנזין,בנזין  1.6,"נתוני יצרן: 17.5 ק""מ לליטר","מבחן כביש: 12 ק""מ לליטר"
פיג'ו,5008,2019,דיזל,1.6 דיזל,"נתוני יצרן: 17.5 ק""מ לליטר","מבחן כביש: 12 ק""מ לליטר"
פיג'ו,5008,2020,בנזין,בנזין 1.2,"נתוני יצרן: 20 ק""מ לליטר","מבחן כביש: 13 ק""מ לליטר"
פיג'ו,5008,2021,דיזל,1.5,"נתוני יצרן: 18.5 ק""מ לליטר","מבחן כביש: 16 ק""מ לליטר"
פיג'ו,5008,2022,בנזין,1.2,"נתוני יצרן: 14.9 ק""מ לליטר","מבחן כביש: 12.5 ק""מ לליטר"
פיג'ו,5008,2022,דיזל,1.5,"נתוני יצרן: 18.5 ק""מ לליטר","מבחן כביש: 16 ק""מ לליטר"
פיג'ו,508,2011,בנזין,1.6,"נתוני יצרן: ? ק""מ לליטר","מבחן כביש: 11.5 ק""מ לליטר"
פיג'ו,508,2015,בנזין,1.6,"נתוני יצרן: 17.2 ק""מ לליטר","מבחן כביש: 13 ק""מ לליטר"
פיג'ו,508,2021,פלאג-אין היברידי,1.6,"נתוני יצרן: 66 ק""מ לליטר","מבחן כביש: 22 ק""מ לליטר"
פיג'ו,"RCZ ת""ה ידנית",2011,בנזין,1.6,"נתוני יצרן: ? ק""מ לליטר","מבחן כביש: 10.6 ק""מ לליטר"
פיג'ו,פרטנר,2010,בנזין,דיזל 1.4,"נתוני יצרן: ? ק""מ לליטר","מבחן כביש: 11 ק""מ לליטר"
קאדילק,CTS,2011,בנזין,3,"נתוני יצרן: ? ק""מ לליטר","מבחן כביש: 7.7 ק""מ לליטר"
קאדילק,XT-5,2018,בנזין,3.6,"נתוני יצרן: 9 ק""מ לליטר","מבחן כביש: 8.5 ק""מ לליטר"
קופרה,פורמנטור,2021,בנזין,1.5,"נתוני יצרן: 14.5 ק""מ לליטר","מבחן כביש: 12 ק""מ לליטר"
קיה,אופטימה,2012,בנזין,2.0 בנזין,"נתוני יצרן: ? ק""מ לליטר","מבחן כביש: 11.5 ק""מ לליטר"
קיה,אופטימה,2018,בנזין,2,"נתוני יצרן: 22.7 ק""מ לליטר","מבחן כביש: 16.5 ק""מ לליטר"
קיה,אופטימה EX,2017-18,בנזין,2,"נתוני יצרן: 22.7 ק""מ לליטר","מבחן כביש: 16.5 ק""מ לליטר"
קיה,אקס סיד,2020,בנזין,1.4,"נתוני יצרן: 16.5 ק""מ לליטר","מבחן כביש: 13 ק""מ לליטר"
קיה,מג'נטיס,2009,בנזין,2,"נתוני יצרן: ? ק""מ לליטר","מבחן כביש: 8.4 ק""מ לליטר"
קיה,נירו,2016,בנזין,1.6,"נתוני יצרן: 26 ק""מ לליטר","מבחן כביש: 19.5 ק""מ לליטר"
קיה,נירו,2016,בנזין,1.6 היברידי,"נתוני יצרן: 26 ק""מ לליטר","מבחן כביש: 19.5 ק""מ לליטר"
קיה,נירו,2017,בנזין,1.6,"נתוני יצרן: 26 ק""מ לליטר","מבחן כביש: 19.5 ק""מ לליטר"
קיה,נירו,2018,בנזין,1.6,"נתוני יצרן: 26.3 ק""מ לליטר","מבחן כביש: 19.7 ק""מ לליטר"
קיה,נירו,2019,בנזין,1.6,"נתוני יצרן: 27 ק""מ לליטר","מבחן כביש: 20 ק""מ לליטר"
קיה,נירו,2020,היברידי,1.6,"נתוני יצרן: 27 ק""מ לליטר","מבחן כביש: 20 ק""מ לליטר"
קיה,נירו פלאג-אין,2020,היברידי בנזין,1.6 טעינה יומית,"נתוני יצרן: 69 ק""מ לליטר","מבחן כביש: 35 ק""מ לליטר"
קיה,נירו פלאג-אין,2020,היברידי בנזין,2021,"נתוני יצרן: ? ק""מ לליטר","מבחן כביש: ? ק""מ לליטר"
קיה,נירו פלאג-אין,2022,היברידי,1.6,"נתוני יצרן: 71 ק""מ לליטר","מבחן כביש: 28 ק""מ לליטר"
קיה,נירו פלוס,2022,חשמלי,150 KW,"נתוני יצרן: טווח נסיעה - 427 ק""מ","מבחן כביש: טווח נסיעה - 415 ק""מ"
קיה,נירו פלוס,2022,פלאג אין היברידי,1.6,"נתוני יצרן: 66 ק""מ לליטר","מבחן כביש: 27 ק""מ לליטר"
קיה,סול,2011,בנזין,1.6,"נתוני יצרן: ? ק""מ לליטר","מבחן כביש: 10.1 ק""מ לליטר"
קיה,סול,2014,בנזין,1.6,"נתוני יצרן: 13 ק""מ לליטר","מבחן כביש: 12 ק""מ לליטר"
קיה,סורנטו,2012,בנזין,2.2 דיזל,"נתוני יצרן: 14.9 ק""מ לליטר","מבחן כביש: 12.5 ק""מ לליטר"
קיה,סורנטו,2012,בנזין,2.4 בנזין,"נתוני יצרן: 11.6 ק""מ לליטר","מבחן כביש: 8.4 ק""מ לליטר"
קיה,סורנטו,2015,בנזין,2.4 בנזין,"נתוני יצרן: 11.4 ק""מ לליטר","מבחן כביש: 10.5 ק""מ לליטר"
קיה,סורנטו,2018,בנזין,2.4 בנזין,"נתוני יצרן: 11.3 ק""מ לליטר","מבחן כביש: 9.5 ק""מ לליטר"
קיה,סורנטו,2021,דיזל,2.2,"נתוני יצרן: 16.1 ק""מ לליטר","מבחן כביש: 14 ק""מ לליטר"
קיה,סורנטו,2022,בנזין,2.5,"נתוני יצרן: 11.5 ק""מ לליטר","מבחן כביש: 10 ק""מ לליטר"
קיה,סטוניק,2018,בנזין,1,"נתוני יצרן: 19.2 ק""מ לליטר","מבחן כביש: 13.5 ק""מ לליטר"
קיה,סטוניק,2019,בנזין,1,"נתוני יצרן: 19.2 ק""מ לליטר","מבחן כביש: 14 ק""מ לליטר"
קיה,סטוניק,2021,בנזין,1,"נתוני יצרן: 17.5 ק""מ לליטר","מבחן כביש: 14 ק""מ לליטר"
קיה,סטוניק,2022,בנזין,1.4,"נתוני יצרן: 15.1 ק""מ לליטר","מבחן כביש: 12.5 ק""מ לליטר"
קיה,סיד,2010,בנזין,1.6,"נתוני יצרן: ? ק""מ לליטר","מבחן כביש: 11.4 ק""מ לליטר"
קיה,סיד,2013,בנזין,1.6 GDI,"נתוני יצרן: 16.4 ק""מ לליטר","מבחן כביש: 13.3 ק""מ לליטר"
קיה,סיד CW,2010,בנזין,1.6,"נתוני יצרן: ? ק""מ לליטר","מבחן כביש: 11 ק""מ לליטר"
קיה,סיד CW,2013,בנזין,1.6 GDI,"נתוני יצרן: 15.8 ק""מ לליטר","מבחן כביש: 13 ק""מ לליטר"
קיה,סיד CW,2016,בנזין,1.6 דיזל,"נתוני יצרן: 22.7 ק""מ לליטר","מבחן כביש: 14.5 ק""מ לליטר"
קיה,סיד CW,2022,דיזל,1.6,"נתוני יצרן: 21.7 ק""מ לליטר","מבחן כביש: 17 ק""מ לליטר"
קיה,סיד SW,2017,בנזין,1.6 בנזין,"נתוני יצרן: 15.8 ק""מ לליטר","מבחן כביש: 14 ק""מ לליטר"
קיה,סיד SW,2019-20,בנזין,1.4 בנזין,"נתוני יצרן: 17.3 ק""מ לליטר","מבחן כביש: 14 ק""מ לליטר"
קיה,סיד SW,2021,בנזין מייל-היברידי,1.5,"נתוני יצרן: 16.6 ק""מ לליטר","מבחן כביש: 14.5 ק""מ לליטר"
קיה,סיד X,2020,בנזין,1.4,"נתוני יצרן: 16.5 ק""מ לליטר","מבחן כביש: 14 ק""מ לליטר"
קיה,סלטוס,2020,בנזין,2,"נתוני יצרן: 13 ק""מ לליטר","מבחן כביש: 12 ק""מ לליטר"
קיה,סלטוס,2021,בנזין,2,"נתוני יצרן: 13.1 ק""מ לליטר","מבחן כביש: 13 ק""מ לליטר"
קיה,ספורטאג',2011,בנזין,2,"נתוני יצרן: ? ק""מ לליטר","מבחן כביש: 9 ק""מ לליטר"
קיה,ספורטאג',2014,בנזין,2,"נתוני יצרן: 12.8 ק""מ לליטר","מבחן כביש: 10.2 ק""מ לליטר"
קיה,ספורטאג',2015,בנזין,1.6,"נתוני יצרן: 11.36 ק""מ לליטר","מבחן כביש: 10 ק""מ לליטר"
קיה,ספורטאג',2016,בנזין,1.6,"נתוני יצרן: 13.6 ק""מ לליטר","מבחן כביש: 10.4 ק""מ לליטר"
קיה,ספורטאג',2016,בנזין,1.6 טורבו 4X4,"נתוני יצרן: 13.3 ק""מ לליטר","מבחן כביש: 11 ק""מ לליטר"
קיה,ספורטאג',2016,בנזין,2,"נתוני יצרן: 12.6 ק""מ לליטר","מבחן כביש: 10 ק""מ לליטר"
קיה,ספורטאג',2018,בנזין,1.6,"נתוני יצרן: 13.6 ק""מ לליטר","מבחן כביש: 11 ק""מ לליטר"
קיה,ספורטאג',2018,בנזין,2,"נתוני יצרן: 12.6 ק""מ לליטר","מבחן כביש: 10.5 ק""מ לליטר"
קיה,ספורטאג',2019,בנזין,2,"נתוני יצרן: 11.9 ק""מ לליטר","מבחן כביש: 11 ק""מ לליטר"
קיה,ספורטאג',2019,דיזל,1.6,"נתוני יצרן: 21.7 ק""מ לליטר","מבחן כביש: 16 ק""מ לליטר"
קיה,ספורטאג',2019,דיזל,1.6 דיזל,"נתוני יצרן: 21.7 ק""מ לליטר","מבחן כביש: 16.5 ק""מ לליטר"
קיה,ספורטאג',2019,דיזל,2021,"נתוני יצרן: ? ק""מ לליטר","מבחן כביש: ? ק""מ לליטר"
קיה,ספורטאג',2020,בנזין,2,"נתוני יצרן: 11.9 ק""מ לליטר","מבחן כביש: 11 ק""מ לליטר"
קיה,ספורטאג',2020,דיזל,1.6,"נתוני יצרן: 21.7 ק""מ לליטר","מבחן כביש: 16.5 ק""מ לליטר"
קיה,ספורטאג',2021,בנזין,2,"נתוני יצרן: 11.7 ק""מ לליטר","מבחן כביש: 10.5 ק""מ לליטר"
קיה,ספורטאג',2021,דיזל,1.6,"נתוני יצרן: 17.2 ק""מ לליטר","מבחן כביש: 14.5 ק""מ לליטר"
קיה,ספורטאג',2022,בנזין,1.6,"נתוני יצרן: 13 ק""מ לליטר","מבחן כביש: 11 ק""מ לליטר"
קיה,ספורטאג',2022,דיזל,1.6,"נתוני יצרן: 17.2 ק""מ לליטר","מבחן כביש: 14.5 ק""מ לליטר"
קיה,ספורטאג',2022,טורבו בנזין אורבן,1.6,"נתוני יצרן: 14.2 ק""מ לליטר","מבחן כביש: 12 ק""מ לליטר"
קיה,ספורטאג',2022,פלאג-אין היברידי,בנזין 1.6,"נתוני יצרן: 90 ק""מ לליטר","מבחן כביש: 22 ק""מ לליטר"
קיה,ספורטאג',2022,פרימיום 1.6,טורבו בנזין,"נתוני יצרן: ? ק""מ לליטר","מבחן כביש: ? ק""מ לליטר"
קיה,פורטה,2010,בנזין,1.6,"נתוני יצרן: ? ק""מ לליטר","מבחן כביש: 11.6 ק""מ לליטר"
קיה,פורטה,2011,בנזין,1.6 (6 הילוכים),"נתוני יצרן: ? ק""מ לליטר","מבחן כביש: 12 ק""מ לליטר"
קיה,פורטה,2013,בנזין,1.6,"נתוני יצרן: 14.3 ק""מ לליטר","מבחן כביש: 12 ק""מ לליטר"
קיה,פורטה,2016,בנזין,1.6,"נתוני יצרן: 14.7 ק""מ לליטר","מבחן כביש: 12.5 ק""מ לליטר"
קיה,פיקנטו,2011,בנזין,1.25,"נתוני יצרן: ? ק""מ לליטר","מבחן כביש: 13 ק""מ לליטר"
קיה,פיקנטו,2015,בנזין,1,"נתוני יצרן: 18.5 ק""מ לליטר","מבחן כביש: 14.2 ק""מ לליטר"
קיה,פיקנטו,2016,בנזין,1.25,"נתוני יצרן: 18.5 ק""מ לליטר","מבחן כביש: 13.7 ק""מ לליטר"
קיה,פיקנטו,2017,בנזין,1.25,"נתוני יצרן: 18.5 ק""מ לליטר","מבחן כביש: 13.5 ק""מ לליטר"
קיה,פיקנטו,2018,בנזין,1.25,"נתוני יצרן: 18.4 ק""מ לליטר","מבחן כביש: 15 ק""מ לליטר"
קיה,פיקנטו,2021,בנזין,1.2,"נתוני יצרן: 17.2 ק""מ לליטר","מבחן כביש: 16 ק""מ לליטר"
קיה,קארנס,2013,בנזין,2,"נתוני יצרן: 12.6 ק""מ לליטר","מבחן כביש: 9.7 ק""מ לליטר"
קיה,קארנס,2014-15,בנזין,2.0 בנזין,"נתוני יצרן: 12.65 ק""מ לליטר","מבחן כביש: 9.7 ק""מ לליטר"
קיה,קארנס,2015,בנזין,2,"נתוני יצרן: 12.6 ק""מ לליטר","מבחן כביש: 9.8 ק""מ לליטר"
קיה,קארנס,2016,בנזין,2.0 בנזין,"נתוני יצרן: 12.6 ק""מ לליטר","מבחן כביש: 10 ק""מ לליטר"
קיה,קרניבל,2009,בנזין,דיזל 2.9,"נתוני יצרן: ? ק""מ לליטר","מבחן כביש: 8 ק""מ לליטר"
קיה,קרניבל,2010,בנזין,בנזין 2.7,"נתוני יצרן: ? ק""מ לליטר","מבחן כביש: 7.9 ק""מ לליטר"
קיה,קרניבל,2016,בנזין,בנזין 3.3,"נתוני יצרן: 8.9 ק""מ לליטר","מבחן כביש: 7.5 ק""מ לליטר"
קיה,קרניבל,2018,בנזין,בנזין 3.3,"נתוני יצרן: 8.9 ק""מ לליטר","מבחן כביש: 7.5 ק""מ לליטר"
קיה,ריו,2010,בנזין,1.4,"נתוני יצרן: ? ק""מ לליטר","מבחן כביש: 10 ק""מ לליטר"
קיה,ריו 4 דל',2016,בנזין,1.4,"נתוני יצרן: 15.3 ק""מ לליטר","מבחן כביש: 12.5 ק""מ לליטר"
קיה,ריו 4 דל',2017,בנזין,1.6,"נתוני יצרן: 15.8 ק""מ לליטר","מבחן כביש: 11.8 ק""מ לליטר"
קיה,ריו 5 דל',2016,בנזין,1.4,"נתוני יצרן: 15.8 ק""מ לליטר","מבחן כביש: 12.5 ק""מ לליטר"
קרייזלר,גראנד ואיג'ר,2012,בנזין,3.8,"נתוני יצרן: ? ק""מ לליטר","מבחן כביש: 7 ק""מ לליטר"
רנו,גראנד טורר SW,2019,בנזין,1.5 דיזל,"נתוני יצרן: 23.8 ק""מ לליטר","מבחן כביש: 18 ק""מ לליטר"
רנו,גראנד טורר SW,2020,בנזין,1.5 דיזל,"נתוני יצרן: 23.8 ק""מ לליטר","מבחן כביש: 18 ק""מ לליטר"
רנו,גראנד סניק,2011,בנזין,2.0 בנזין,"נתוני יצרן: ? ק""מ לליטר","מבחן כביש: 8.5 ק""מ לליטר"
רנו,גראנד סניק,2012,בנזין,1.5 דיזל,"נתוני יצרן: 21 ק""מ לליטר","מבחן כביש: 15.4 ק""מ לליטר"
רנו,גראנד סניק,2013,בנזין,2.0 בנזין,"נתוני יצרן: 12.3 ק""מ לליטר","מבחן כביש: 10 ק""מ לליטר"
רנו,גראנד סניק,2020,בנזין,1.3 בנזין,"נתוני יצרן: 16.6 ק""מ לליטר","מבחן כביש: 12 ק""מ לליטר"
רנו,גרנד קופה,2017,בנזין,1.2,"נתוני יצרן: 18.5 ק""מ לליטר","מבחן כביש: 13 ק""מ לליטר"
רנו,גרנד קופה,2017,דיזל,1.5,"נתוני יצרן: 27 ק""מ לליטר","מבחן כביש: 17.5 ק""מ לליטר"
רנו,גרנד קופה,2018,דיזל,1.5,"נתוני יצרן: 27 ק""מ לליטר","מבחן כביש: 17.5 ק""מ לליטר"
רנו,גרנד קופה,2019,בנזין,1.33 בנזין,"נתוני יצרן: 16.9 ק""מ לליטר","מבחן כביש: 14 ק""מ לליטר"
רנו,גרנד קופה,2019,דיזל,1.5,"נתוני יצרן: 27 ק""מ לליטר","מבחן כביש: 18 ק""מ לליטר"
רנו,גרנד קופה,2020,דיזל,1.5,"נתוני יצרן: 23.8 ק""מ לליטר","מבחן כביש: 18 ק""מ לליטר"
רנו,גרנד קופה,2021,דיזל,1.5,"נתוני יצרן: 19.2 ק""מ לליטר","מבחן כביש: 17.5 ק""מ לליטר"
רנו,זואי,2021,חשמלי,סוללה 41 KWH,"נתוני יצרן: טווח נסיעה - 306 ק""מ","מבחן כביש: טווח נסיעה - 260 ק""מ"
רנו,לוגאן אוטומטי,2010,בנזין,1.6,"נתוני יצרן: ? ק""מ לליטר","מבחן כביש: 9.7 ק""מ לליטר"
רנו,לוגאן ידני,2009,בנזין,1.6,"נתוני יצרן: ? ק""מ לליטר","מבחן כביש: 9.5 ק""מ לליטר"
רנו,לטיטוד,2013,בנזין,2.0 דיזל,"נתוני יצרן: 14.4 ק""מ לליטר","מבחן כביש: 12.5 ק""מ לליטר"
רנו,מגאן,2009,בנזין,1.6,"נתוני יצרן: ? ק""מ לליטר","מבחן כביש: 10.8 ק""מ לליטר"
רנו,מגאן אסטייט,2014,בנזין,1.2,"נתוני יצרן: 17.8 ק""מ לליטר","מבחן כביש: 12 ק""מ לליטר"
רנו,מגאן אסטייט,2014,דיזל,1.5,"נתוני יצרן: 23.8 ק""מ לליטר","מבחן כביש: 16 ק""מ לליטר"
רנו,פלואנס,2010,בנזין,1.6,"נתוני יצרן: ? ק""מ לליטר","מבחן כביש: 9.8 ק""מ לליטר"
רנו,פלואנס,2011,בנזין,2,"נתוני יצרן: ? ק""מ לליטר","מבחן כביש: 10.5 ק""מ לליטר"
רנו,פלואנס,2011,דיזל,1.5,"נתוני יצרן: ? ק""מ לליטר","מבחן כביש: 17.3 ק""מ לליטר"
רנו,פלואנס,2013,בנזין,1.6,"נתוני יצרן: 15.6 ק""מ לליטר","מבחן כביש: 12 ק""מ לליטר"
רנו,פלואנס,2013,דיזל,1.5,"נתוני יצרן: 21.7 ק""מ לליטר","מבחן כביש: 17.3 ק""מ לליטר"
רנו,פלואנס,2016,בנזין,1.5,"נתוני יצרן: 22.7 ק""מ לליטר","מבחן כביש: 17.5 ק""מ לליטר"
רנו,קאדג'ר,2017,בנזין,1.2 בנזין,"נתוני יצרן: 18 ק""מ לליטר","מבחן כביש: 11 ק""מ לליטר"
רנו,קאדג'ר,2017,דיזל,1.5 דיזל,"נתוני יצרן: 26.3 ק""מ לליטר","מבחן כביש: 16.5 ק""מ לליטר"
רנו,קליאו,2010,בנזין,1.6,"נתוני יצרן: ? ק""מ לליטר","מבחן כביש: 11.4 ק""מ לליטר"
רנו,קליאו,2013,בנזין,1.2 בנזין,"נתוני יצרן: 19.2 ק""מ לליטר","מבחן כביש: 13.5 ק""מ לליטר"
רנו,קליאו,2017,בנזין,1.2,"נתוני יצרן: 18.5 ק""מ לליטר","מבחן כביש: 12.5 ק""מ לליטר"
רנו,קליאו,2020,בנזין,1,"נתוני יצרן: 18.8 ק""מ לליטר","מבחן כביש: 14 ק""מ לליטר"
רנו,קליאו,2020,בנזין,1.3,"נתוני יצרן: 12 ק""מ לליטר","מבחן כביש: 10.5 ק""מ לליטר"
רנו,קליאו,2021,בנזין,1,"נתוני יצרן: 15.3 ק""מ לליטר","מבחן כביש: 14 ק""מ לליטר"
רנו,קליאו אסטייט,2016,בנזין,1.5 דיזל,"נתוני יצרן: 28.5 ק""מ לליטר","מבחן כביש: 17.5 ק""מ לליטר"
רנו,קנגו,2019,בנזין,דיזל 1.5,"נתוני יצרן: 20 ק""מ לליטר","מבחן כביש: 15 ק""מ לליטר"
רנו,קפצ'ור,2014,בנזין,1.2,"נתוני יצרן: 18.5 ק""מ לליטר","מבחן כביש: 13.3 ק""מ לליטר"
רנו,קפצ'ור,2016,בנזין,1.2,"נתוני יצרן: 18.1 ק""מ לליטר","מבחן כביש: 12.5 ק""מ לליטר"
שברולט,אויאו 4 דלתות,2009,בנזין,1.4,"נתוני יצרן: ? ק""מ לליטר","מבחן כביש: 11.4 ק""מ לליטר"
שברולט,אויאו 5 דלתות,2009,בנזין,1.4,"נתוני יצרן: ? ק""מ לליטר","מבחן כביש: 12.5 ק""מ לליטר"
שברולט,אופטרה,2009,בנזין,1.6,"נתוני יצרן: ? ק""מ לליטר","מבחן כביש: 9.5 ק""מ לליטר"
שברולט,אורלנדו,2012,דיזל,2,"נתוני יצרן: 14.2 ק""מ לליטר","מבחן כביש: 11.8 ק""מ לליטר"
שברולט,אורלנדו,2014,בנזין,1.4 בנזין,"נתוני יצרן: 14 ק""מ לליטר","מבחן כביש: 10.5 ק""מ לליטר"
שברולט,אורלנדו,2016,בנזין,1.4 בנזין,"נתוני יצרן: 14 ק""מ לליטר","מבחן כביש: 10 ק""מ לליטר"
שברולט,אורלנדו,2017,בנזין,1.4 בנזין,"נתוני יצרן: 14 ק""מ לליטר","מבחן כביש: 11 ק""מ לליטר"
שברולט,אימפלה,2016,בנזין,3.6,"נתוני יצרן: 9.7 ק""מ לליטר","מבחן כביש: 8 ק""מ לליטר"
שברולט,אפיקה,2009,בנזין,2.4,"נתוני יצרן: ? ק""מ לליטר","מבחן כביש: 8.4 ק""מ לליטר"
שברולט,אפלנדר,2009,בנזין,3.9,"נתוני יצרן: ? ק""מ לליטר","מבחן כביש: 7 ק""מ לליטר"
שברולט,אקוינוקס,2018,בנזין,1.5,"נתוני יצרן: 12.1 ק""מ לליטר","מבחן כביש: 10.5 ק""מ לליטר"
שברולט,אקוינוקס,2020,בנזין,1.5,"נתוני יצרן: 12 ק""מ לליטר","מבחן כביש: 10.5 ק""מ לליטר"
שברולט,טראוורס,2010,בנזין,3.6,"נתוני יצרן: ? ק""מ לליטר","מבחן כביש: 8 ק""מ לליטר"
שברולט,טראוורס,2018,בנזין,3.6,"נתוני יצרן: 8.8 ק""מ לליטר","מבחן כביש: 8 ק""מ לליטר"
שברולט,טראוורס,2022,בנזין,3.6,"נתוני יצרן: 9 ק""מ לליטר","מבחן כביש: 8 ק""מ לליטר"
שברולט,טראוורס LTZ,2016,בנזין,3.6,"נתוני יצרן: 8.3 ק""מ לליטר","מבחן כביש: 6.7 ק""מ לליטר"
שברולט,טראקס,2013,בנזין,1.8,"נתוני יצרן: 12.1 ק""מ לליטר","מבחן כביש: 11 ק""מ לליטר"
שברולט,טראקס,2015,בנזין,1.8,"נתוני יצרן: 12.1 ק""מ לליטר","מבחן כביש: 11 ק""מ לליטר"
שברולט,טראקס,2016,בנזין,1.4,"נתוני יצרן: 14.5 ק""מ לליטר","מבחן כביש: 12.2 ק""מ לליטר"
שברולט,טראקס,2017,בנזין,1.4,"נתוני יצרן: 14.5 ק""מ לליטר","מבחן כביש: 12.5 ק""מ לליטר"
שברולט,טרייל-בלייזר,2020,בנזין,1.3,"נתוני יצרן: 12 ק""מ לליטר","מבחן כביש: 10.5 ק""מ לליטר"
שברולט,טרייל-בלייזר,2021,בנזין,1.3,"נתוני יצרן: 14.5 ק""מ לליטר","מבחן כביש: 10.5 ק""מ לליטר"
שברולט,טרייל-בלייזר,2022,בנזין,1.3,"נתוני יצרן: 14.4 ק""מ לליטר","מבחן כביש: 10.5 ק""מ לליטר"
שברולט,מאליבו,2009,בנזין,3.5,"נתוני יצרן: ? ק""מ לליטר","מבחן כביש: 8.6 ק""מ לליטר"
שברולט,מאליבו,2010,בנזין,2.4,"נתוני יצרן: ? ק""מ לליטר","מבחן כביש: 8.7 ק""מ לליטר"
שברולט,מאליבו,2014,בנזין,2,"נתוני יצרן: 12 ק""מ לליטר","מבחן כביש: 9.7 ק""מ לליטר"
שברולט,מאליבו,2016,בנזין,1.5,"נתוני יצרן: 13.5 ק""מ לליטר","מבחן כביש: 10.8 ק""מ לליטר"
שברולט,מאליבו,2017,בנזין,1.5,"נתוני יצרן: 13.5 ק""מ לליטר","מבחן כביש: 11 ק""מ לליטר"
שברולט,סוניק 4 דלתות,2011,בנזין,1.6,"נתוני יצרן: ? ק""מ לליטר","מבחן כביש: 10.2 ק""מ לליטר"
שברולט,סוניק 4 דלתות,2013,בנזין,1.6,"נתוני יצרן: 14.3 ק""מ לליטר","מבחן כביש: 11 ק""מ לליטר"
שברולט,סוניק 5 דלתות,2011,בנזין,1.4,"נתוני יצרן: ? ק""מ לליטר","מבחן כביש: 10.8 ק""מ לליטר"
שברולט,ספארק,2016,בנזין,1.4,"נתוני יצרן: 18.2 ק""מ לליטר","מבחן כביש: 14 ק""מ לליטר"
שברולט,ספארק,2017,בנזין,1.4,"נתוני יצרן: 18 ק""מ לליטר","מבחן כביש: 14.5 ק""מ לליטר"
שברולט,ספארק,2019,בנזין,1.4,"נתוני יצרן: 18 ק""מ לליטר","מבחן כביש: 14 ק""מ לליטר"
שברולט,ספארק,2020,בנזין,1.4,"נתוני יצרן: 18 ק""מ לליטר","מבחן כביש: 13 ק""מ לליטר"
שברולט,קפטיבה,2011,בנזין,2.4,"נתוני יצרן: ? ק""מ לליטר","מבחן כביש: 8.4 ק""מ לליטר"
שברולט,קרוז,2010,בנזין,1.6,"נתוני יצרן: ? ק""מ לליטר","מבחן כביש: 10 ק""מ לליטר"
שברולט,קרוז,2010,בנזין,1.8,"נתוני יצרן: ? ק""מ לליטר","מבחן כביש: 10.6 ק""מ לליטר"
שברולט,קרוז,2011,בנזין,1.6,"נתוני יצרן: ? ק""מ לליטר","מבחן כביש: 10.6 ק""מ לליטר"
שברולט,קרוז,2012,בנזין,1.4 טורבו,"נתוני יצרן: ? ק""מ לליטר","מבחן כביש: 11 ק""מ לליטר"
שברולט,קרוז,2013,בנזין,1.6,"נתוני יצרן: 14.2 ק""מ לליטר","מבחן כביש: 10.2 ק""מ לליטר"
שברולט,קרוז,2014,בנזין,1.4,"נתוני יצרן: 14.7 ק""מ לליטר","מבחן כביש: 12.5 ק""מ לליטר"
שברולט,קרוז,2015,בנזין,1.4,"נתוני יצרן: 14.7 ק""מ לליטר","מבחן כביש: 12.5 ק""מ לליטר"
שברולט,קרוז,2016,בנזין,1.4,"נתוני יצרן: 14.4 ק""מ לליטר","מבחן כביש: 12.5 ק""מ לליטר"
שברולט,קרוז,2017,בנזין,1.4,"נתוני יצרן: 14.4 ק""מ לליטר","מבחן כביש: 12.6 ק""מ לליטר"
שברולט,קרוז סטיישן,2013,בנזין,1.4,"נתוני יצרן: 14.6 ק""מ לליטר","מבחן כביש: 12 ק""מ לליטר"
שברולט,קרוז סטיישן,2013,בנזין,1.8,"נתוני יצרן: 14.2 ק""מ לליטר","מבחן כביש: 11 ק""מ לליטר"
