manufacturer,model,year,engine_type,engine_volume,test_consumption,factory_consumption,average_consumption
אאודי,A-5,2017,בנזין,2,16,10,13.0
אאודי,A-6,2015,בנזין,1.8,17.5,11.5,14.5
אאודי,A3,2019,בנזין,2,16.9,13.5,15.2
אאודי,Q-2,2017,בנזין,1.4,18.1,13,15.55
אאודי,Q-3,2015,בנזין,2,14.9,12,13.45
אאודי,Q-5,2019,בנזין,2,13.7,10,11.85
אאודי,Q-7,2015,בנזין,3,12.7,9,10.85
אופל,אדם,2015,בנזין,1.4,0,12.5,12.5
אופל,אינסיגניה,2011,בנזין,2,0,10.3,10.3
אופל,אינסיגניה,2014,בנזין,1.6 T,15.1,10.8,12.95
אופל,אינסיגניה,2016,בנזין,1.6,14.2,10.5,12.35
אופל,אינסיגניה,2018,בנזין,1.5,16.4,11.4,13.899999999999999
אופל,אינסיגניה,2019,בנזין,1.5,16.4,11.5,13.95
אופל,אסטרה,2011,בנזין,1.6,0,9.8,9.8
אופל,אסטרה,2016,בנזין,1.4 טורבו,18,13,15.5
אופל,אסטרה- סטיישן,2016,בנזין,1.4 טורבו,17.8,13,15.4
אופל,ברלינה,2012,בנזין,1.4 טורבו,15,12,13.5
אופל,ברלינה,2013,בנזין,1.6 טורבו,13.9,10.2,12.05
אופל,ברלינה- טורר,2013,בנזין,1.4 טורבו,15,11.2,13.1
אופל,גרנדלנד,2018,בנזין,1.2,19.2,12,15.6
אופל,גרנדלנד,2020,בנזין,1.2,18.9,12.5,15.7
אופל,זפירה,2012,בנזין,1.4,0,10.5,10.5
אופל,זפירה,2017,בנזין,1.4,14.5,10.8,12.65
אופל,מוקה,2014,בנזין,1.4,14.7,10.5,12.6
אופל,מוקה,2014,בנזין,1.4 טורבו,14.7,10.5,12.6
אופל,מוקה X,2017,בנזין,1.4,16.1,12,14.05
אופל,מריבה,2014,בנזין,1.4 טורבו,13.8,11.5,12.65
אופל,קומבו,2020,בנזין,1.2 בנזין,19.2,12.5,15.85
אופל,קומבו,2020,בנזין,1.5 דיזל,23.3,15.5,19.4
אופל,קורסה,2010,בנזין,1.4,0,12.2,12.2
אופל,קורסה,2011,בנזין,1.4,0,12,12.0
אופל,קורסה,2015,בנזין,1.4,20,15.5,17.75
אופל,קורסה,2020,בנזין,1.2,22.5,15.5,19.0
אופל,קורסה OPC,2012,בנזין,1.6,0,8.5,8.5
אופל,קרוסלנד,2018,בנזין,1.2,18.5,12.5,15.5
אופל,קרוסלנד,2020,בנזין,1.2,20,13.5,16.75
אופל,קרוסלנד,2022,בנזין,1.2,16.4,12.5,14.45
אינפיניטי,EX-37,2010,בנזין,3.7,0,7.9,7.9
איסוזו,D-MAX,2015,בנזין,2.5,11.9,10.5,11.2
איסוזו,D-MAX,2016,בנזין,2.5,11.9,10.5,11.2
אם ג'י MG,350,2012,בנזין,1.5,0,10,10.0
אם ג'י MG,550,2010,בנזין,1.8,0,8,8.0
אם ג'י MG,ZS,2018,בנזין,1,14.9,11,12.95
אם ג'י MG,ZS EV,2020,בנזין,חשמלי,263,0,263.0
ב.מ.וו,318i,2016,בנזין,1.5,17.6,11,14.3
ביואיק,לה קרוס,2010,בנזין,2.4,0,8.2,8.2
ביואיק,לה קרוס,2010,בנזין,3,0,8.7,8.7
גנסיס,CV 70,2022,בנזין,2.5,10.3,8.5,9.4
דאצ'יה,דאסטר,2015,בנזין,1.5 טורבו דיזל,19.2,14.5,16.85
דאצ'יה,דאסטר,2021,בנזין,1.33,15.6,13,14.3
דאצ'יה,לודג'י,2015,בנזין,1.2 בנזין,15.6,11.5,13.55
דאצ'יה,לודג'י,2015,בנזין,1.5 דיזל,21.2,13.5,17.35
דאצ'יה,סנדרו אוטו',2017,בנזין,0.9,19,13,16.0
דוד'ג,ג'רני,2010,בנזין,2.4,0,7,7.0
דיהטסו,סיריון,2010,בנזין,1.3,0,12.5,12.5
הונדה,CRV,2013,בנזין,2,13.3,10.6,11.95
הונדה,CRV,2015,בנזין,2,13.3,10.5,11.9
הונדה,CRV,2020,בנזין,1.5,14,11,12.5
הונדה,CRZ,2010,בנזין,1.5,0,14.7,14.7
הונדה,FRV,2009,בנזין,1.8,0,11.2,11.2
הונדה,HRV,2016,בנזין,1.5,19.2,12.5,15.85
הונדה,HRV,2018,בנזין,1.5,18.8,14.5,16.65
הונדה,HRV,2019,בנזין,1.5,18.8,14.5,16.65
הונדה,HRV,2020,בנזין,1.5,18.8,14.5,16.65
הונדה,אינסייט,2010,בנזין,1.4,0,16.4,16.4
הונדה,אינסייט,2012,בנזין,1.4,0,16.7,16.7
הונדה,אקורד,2009,בנזין,2,0,10.2,10.2
הונדה,אקורד,2014,בנזין,2,21,19.5,20.25
הונדה,ג'אז,2011,בנזין,1.4,0,17.3,17.3
הונדה,ג'אז,2015,בנזין,1.3,21.7,16.6,19.15
הונדה,ג'אז,2017,בנזין,1.3,21.7,16,18.85
הונדה,סיוויק,2010,בנזין,1.4,0,15.8,15.8
הונדה,סיוויק,2017,בנזין,1.0 טורבו,21.2,12.5,16.85
הונדה,סיוויק,2017,בנזין,1.5,16.3,11.5,13.9
הונדה,סיוויק,2017,בנזין,1.5 טורבו,16.3,11.5,13.9
הונדה,סיוויק,2018,בנזין,1,21.2,13.5,17.35
הונדה,סיוויק,2018,בנזין,1.0 טורבו,21.2,13.3,17.25
הונדה,סיוויק,2019,בנזין,1.0 טורבו,21.2,13.5,17.35
הונדה,סיוויק,2019,בנזין,1.5 טורבו,16.6,12.5,14.55
הונדה,סיוויק,2020,בנזין,1.5,16.6,13,14.8
הונדה,"סיוויק - ארה""ב",2014,בנזין,1.8,16.6,12.4,14.5
הונדה,סיוויק (4 דלתות),2010,בנזין,1.8,0,11.2,11.2
הונדה,סיוויק (4 דלתות),2013,בנזין,1.8,15,12.3,13.65
הונדה,סיוויק (4 דלתות),2015,בנזין,1.8,15,12.5,13.75
הונדה,סיוויק (5 דלתות),2011,בנזין,1.8,0,12.6,12.6
הונדה,סיוויק (5 דלתות),2012,בנזין,1.8,0,12.9,12.9
הונדה,סיוויק (5 דלתות),2015,בנזין,1.8,15.8,12.5,14.15
הונדה,סיוויק טורר,2014,בנזין,1.8,15.4,11.8,13.600000000000001
הונדה,סיוויק טורר,2016,בנזין,1.8,15.3,11.8,13.55
הונדה,סיוויק סדאן,2018,בנזין,1.6,14.9,12.5,13.7
הונדה,סיוויק סדאן,2019,בנזין,1.6,15.8,13,14.4
וולוו,S 90,2016,בנזין,2.0 טורבו T6,13.9,8.5,11.2
וולוו,S40,2010,בנזין,2,0,8.9,8.9
וולוו,S60,2011,בנזין,2,0,8.4,8.4
וולוו,s60 קינטיק,2012,בנזין,1.6 טורבו,13.9,10.4,12.15
וולוו,s60 קינטיק,2014,בנזין,2.0 טורבו,16.9,10,13.45
וולוו,V40,2013,בנזין,1.6  T4,16.4,12,14.2
וולוו,XC-40,2018,בנזין,2,13.8,10,11.9
וולוו,XC-60,2011,בנזין,3,0,7.5,7.5
וולוו,XC-60,2018,בנזין,פלאג-אין 2.0,47.6,11.5,29.55
טויוטה,CHR,2017,בנזין,היברידי 1.8,26.6,17,21.8
טויוטה,CHR,2017,היברידי,היברידי 1.8,26.6,17,21.8
טויוטה,CHR,2018,בנזין,1.8,25.6,18.5,22.05
טויוטה,CHR,2019,בנזין,1.8,25.6,18.5,22.05
טויוטה,CHR,2020,בנזין,1.8,26.9,18.5,22.7
טויוטה,CHR,2020,היברידי,1.8,26.9,18.5,22.7
טויוטה,CHR,2022,היברידי,1.8,20.4,19.5,19.95
טויוטה,GT 86,2012,בנזין,2,14,9.8,11.9
טויוטה,אוונסיס,2015,בנזין,2,16.4,11.3,13.85
טויוטה,אוונסיס,2016,בנזין,1.8,16.9,13.5,15.2
טויוטה,אוריס,2012,בנזין,1.8,0,19.4,19.4
טויוטה,אוריס,2013,בנזין,1.8,26,19,22.5
טויוטה,אוריס,2014,בנזין,1.6,17.5,12.5,15.0
טויוטה,אוריס,2015,בנזין,1.8,24.4,18.5,21.45
טויוטה,אוריס,2018,בנזין,1.8,27.8,20,23.9
טויוטה,אוריס TS סטיישן,2015,בנזין,1.8,25.6,18,21.8
טויוטה,אייגו,2016,בנזין,1,23.6,15,19.3
טויוטה,אייגו X,2022,בנזין,1,20,18,19.0
טויוטה,היילנדר,2021,היברידי,2.5,14.1,12.5,13.3
טויוטה,הילקס,2015,בנזין,2.4 טורבו דיזל,12,10.5,11.25
טויוטה,וורסו,2010,בנזין,1.8,0,10.2,10.2
טויוטה,וורסו,2011,בנזין,1.8,0,10.8,10.8
טויוטה,וורסו,2014,בנזין,1.8,14.7,11.5,13.1
טויוטה,וורסו,2017,בנזין,1.8,15.2,11.5,13.35
טויוטה,יאריס,2012,בנזין,1.4,0,14.5,14.5
טויוטה,יאריס,2012,בנזין,1.5,0,19.6,19.6
טויוטה,יאריס,2014,בנזין,1.4,19.6,15.5,17.55
טויוטה,יאריס,2017,בנזין,1.5,20.8,14.5,17.65
טויוטה,יאריס,2018,בנזין,1.5,27.8,19.5,23.65
טויוטה,יאריס,2018,היברידי,1.5,27.8,19.5,23.65
טויוטה,יאריס,2020,היברידי,1.5,33.3,24,28.65
טויוטה,יאריס,2021,בנזין,1.5,21.3,17.5,19.4
טויוטה,יאריס,2021,היברידי,1.5,25.6,21,23.3
טויוטה,יאריס קרוס,2021,היברידי,1.5,22.7,21,21.85
טויוטה,יאריס קרוס,2022,היברידי,1.5,22.7,21,21.85
טויוטה,לנד קרוזר,2018,בנזין,2.8 טורבו דיזל,13.3,9,11.15
טויוטה,סיינה,2014,בנזין,3.5 בנזין,9.1,7.8,8.45
טויוטה,ספייס וורסו,2011,בנזין,1.4,19.2,14.6,16.9
טויוטה,פריוס,2009,בנזין,1.5,0,18,18.0
טויוטה,פריוס,2010,בנזין,1.8,0,17,17.0
טויוטה,פריוס,2014,בנזין,1.8,25.6,19,22.3
טויוטה,פריוס,2016,בנזין,1.8,27.8,20,23.9
טויוטה,פריוס,2018,בנזין,1.8,27.8,20,23.9
טויוטה,פריוס,2019,בנזין,1.8,0,20,20.0
טויוטה,פריוס פלאג-אין,2020,בנזין,1.8,76.9,32,54.45
טויוטה,פריוס פלוס,2017,בנזין,1.8,24,17,20.5
טויוטה,פריוס פלוס,2018,בנזין,1.8,21.7,16.7,19.2
טויוטה,פריוס פלוס,2018,בנזין,היברידי1.8,21.7,16.7,19.2
טויוטה,פריוס פלוס,2019,בנזין,1.8,21.7,17,19.35
טויוטה,פריוס פלוס,2019,בנזין,היברידי 1.8,21.7,17,19.35
טויוטה,פריוס פלוס,2020,היברידי,1.8,21.7,17,19.35
טויוטה,פריוס פלוס- van,2013,בנזין,1.8,24.4,18,21.2
טויוטה,קאמרי,2010,בנזין,2.4,0,8.7,8.7
טויוטה,קאמרי,2013,בנזין,2.5,20.4,17,18.7
טויוטה,קאמרי,2015,בנזין,2.5,17,14.5,15.75
טויוטה,קאמרי,2018,בנזין,2.5,19.6,16,17.8
טויוטה,קאמרי,2020,בנזין,2.5,23.3,16.5,19.9
טויוטה,קאמרי,2021,בנזין היברידי,2.5,18.5,17,17.75
טויוטה,קורולה,2009,בנזין,1.6,0,11.2,11.2
טויוטה,קורולה,2010,בנזין,1.6,0,11.6,11.6
טויוטה,קורולה,2014,בנזין,1.6,17.8,12,14.9
טויוטה,קורולה,2015,בנזין,1.6,19.9,12.2,16.049999999999997
טויוטה,קורולה,2016,בנזין,1.6,17.9,12.4,15.149999999999999
טויוטה,קורולה,2017,בנזין,1.6,17.9,12.7,15.299999999999999
טויוטה,קורולה,2018,בנזין,1.6,17.9,13,15.45
טויוטה,קורולה,2019,בנזין,1.6,18.2,12.5,15.35
טויוטה,קורולה,2019,בנזין,1.8,29.4,20,24.7
טויוטה,קורולה,2019,בנזין,1.8 היברידי,29.4,20,24.7
טויוטה,קורולה,2020,היברידי,1.8,29.4,20,24.7
טויוטה,קורולה,2021,בנזין,1.5,16.7,14,15.35
טויוטה,קורולה,2021,היברידי,1.8,22.2,20,21.1
טויוטה,קורולה,2022,היברידי,1.8,22.2,20,21.1
טויוטה,קורולה Excite,2019,בנזין,1.8,30.3,22,26.15
טויוטה,קורולה Excite,2019,בנזין,1.8 היברידי,30.3,22,26.15
טויוטה,קורולה ספייס SW,2019,בנזין,1.8,30.3,21,25.65
טויוטה,קורולה ספייס SW,2019,בנזין,1.8 היברידי,30.3,21,25.65
טויוטה,קורולה ספייס SW,2020,היברידי,1.8,30.3,20,25.15
טויוטה,קורולה ספייס SW,2021,היברידי,1.8,21.7,20,20.85
טויוטה,קורולה קרוס,2022,בנזין היברידי,1.8,19.6,18,18.8
טויוטה,קורולה-רובוטית,2009,בנזין,1.6,0,12,12.0
טויוטה,ראב 4,2016,היברידי,2.5,19.6,13.5,16.55
טויוטה,ראב 4,2018,היברידי,2.5,20.4,14,17.2
טויוטה,ראב 4,2019,בנזין,2.5 היברידי,21.7,17,19.35
טויוטה,ראב 4,2019,היברידי,2.5,21.7,17,19.35
טויוטה,ראב 4,2020,בנזין,2.4,21.7,17,19.35
טויוטה,ראב 4,2020,היברידי,2.5,21.7,17,19.35
טויוטה,ראב 4,2021,היברידי,2.5,17.5,16.5,17.0
טויוטה,ראב 4,2022,היברידי,2.5,17.5,17,17.25
יגואר,F-PACE,2016,בנזין,2.0 דיזל,18.8,12.8,15.8
יגואר,XE,2015,בנזין,2,13.3,9,11.15
יונדאי,i-10,2010,בנזין,1.25,0,12.3,12.3
יונדאי,i-10,2011,בנזין,1.25,0,12.6,12.6
יונדאי,i-10,2014,בנזין,1,16,13.3,14.65
יונדאי,i-10,2016,בנזין,1.25,15.2,13.3,14.25
יונדאי,i-10,2018,בנזין,1.25,16.9,13.5,15.2
יונדאי,i-10,2020,בנזין,1.2,19,16,17.5
יונדאי,i-10,2021,בנזין,1.2,17.2,16.5,16.85
יונדאי,i-10,2022,בנזין,1.2,17.2,16,16.6
יונדאי,i-20,2011,בנזין,1.4,0,12.3,12.3
יונדאי,i-20,2012,בנזין,1.4,16.5,12.4,14.45
יונדאי,i-20,2014,בנזין,1.4,16.6,13,14.8
יונדאי,i-20,2015,בנזין,1.4,16,12.2,14.1
יונדאי,i-20,2018,בנזין,1,20,15.5,17.75
יונדאי,i-20,2018,בנזין,1.4,15.3,12,13.65
יונדאי,i-20,2019,בנזין,1,20,15,17.5
יונדאי,i-20,2020,בנזין,1,22.4,15,18.7
יונדאי,i-20,2021,בנזין,1,17.5,16,16.75
יונדאי,i-20,2022,בנזין,1,17.5,15.5,16.5
יונדאי,i-20 cross,2016,בנזין,1.4,15.3,12.5,13.9
יונדאי,i-25,2011,בנזין,1.4,0,11.6,11.6
יונדאי,i-25,2012,בנזין,1.6,0,12.4,12.4
יונדאי,i-25,2016,בנזין,1.4,15.6,13,14.3
יונדאי,i-25,2016,בנזין,1.6,15.6,12.5,14.05
יונדאי,I-30,2010,בנזין,1.6,0,11.4,11.4
יונדאי,I-30,2012,בנזין,1.6 GDI,14.2,11.5,12.85
יונדאי,I-30,2016,בנזין,1.6,17.2,12.5,14.85
יונדאי,i-30 CW,2013,בנזין,1.4 תיבה ידנית,17.8,13,15.4
יונדאי,i-30 CW,2013,בנזין,1.6 GDI,14.7,12,13.35
יונדאי,i-30 CW,2016,בנזין,1.6,17.2,12,14.6
יונדאי,i-35,2011,בנזין,1.6,0,12,12.0
יונדאי,i-35,2014,בנזין,1.6,14.3,12.5,13.4
יונדאי,i-35,2015,בנזין,1.6,14.3,12.5,13.4
יונדאי,i-40,2012,בנזין,2,0,10.5,10.5
יונדאי,i-800,2010,בנזין,דיזל 2.5,0,9.2,9.2
יונדאי,i-800,2012,בנזין,דיזל 3.5,0,9.8,9.8
יונדאי,IX-35,2010,בנזין,2,0,9,9.0
יונדאי,IX-35,2014,בנזין,2,11.4,10,10.7
יונדאי,ix-35 הנעה כפולה,2014,בנזין,2,11.3,9.8,10.55
יונדאי,איוניק,2016,בנזין,1.6,25.6,18.5,22.05
יונדאי,איוניק,2018,בנזין,1.6,25.6,20,22.8
יונדאי,איוניק,2018,בנזין,1.6 היברידי,25.6,20,22.8
יונדאי,איוניק,2019,בנזין,1.6,25.6,19.5,22.55
יונדאי,איוניק,2019,בנזין,1.6 - WLTP,23.5,19.8,21.65
יונדאי,איוניק,2020,בנזין,1.6,27,20,23.5
יונדאי,איוניק,2021,היברידי,1.6,21.7,20,20.85
יונדאי,איוניק,2022,היברידי,1.6,21.7,20.5,21.1
יונדאי,אלנטרה,2016,בנזין,1.6,15.6,12.8,14.2
יונדאי,אלנטרה,2018,בנזין,1.6,15.6,12.8,14.2
יונדאי,אלנטרה,2019,בנזין,1.6,13.8,13,13.4
יונדאי,אלנטרה,2020,בנזין,1.6,13.8,13,13.4
יונדאי,אלנטרה,2021,היברידי,1.6,22.7,22,22.35
יונדאי,אלנטרה,2022,היברידי,1.6,22.7,21,21.85
יונדאי,אקסנט,2009,בנזין,1.4,0,11,11.0
יונדאי,אקסנט,2019,בנזין,1.4,15.2,13,14.1
יונדאי,אקסנט,2019,בנזין,1.6,13.8,12.5,13.15
יונדאי,אקסנט,2020,בנזין,1.4,15.2,13.5,14.35
יונדאי,אקסנט,2020,בנזין,1.6,13.8,13,13.4
יונדאי,אקסנט,2021,בנזין,1.4,15.8,13.5,14.65
יונדאי,אקסנט,2022,בנזין,1.4,15.8,13,14.4
יונדאי,אקסנט,2022,בנזין,1.6,14.4,13,13.7
יונדאי,באיון,2022,בנזין,1,18.1,14.5,16.3
יונדאי,גטס,2009,בנזין,1.4,0,11.2,11.2
יונדאי,ווניו,2020,בנזין,1.6,16.1,14,15.05
יונדאי,ווניו,2021,בנזין,1.6,15.1,13,14.05
יונדאי,ווניו,2022,בנזין,1.6,15.1,13,14.05
יונדאי,טוסון,2016,בנזין,1.6,13.5,11,12.25
יונדאי,טוסון,2018,בנזין,1.6 טורבו בנזין,13.3,11.5,12.4
יונדאי,טוסון,2018,בנזין,2,12.6,10.5,11.55
יונדאי,טוסון,2019,בנזין,2,11.9,10,10.95
יונדאי,טוסון,2020,בנזין,2,11,10.5,10.75
יונדאי,טוסון,2021,בנזין,2,12.2,11,11.6
יונדאי,טוסון,2022,בנזין,1.6,13.8,12,12.9
יונדאי,מטריקס,2009,בנזין,1.6,0,8,8.0
יונדאי,סונטה,2009,בנזין,2,0,8.4,8.4
יונדאי,סונטה,2016,בנזין,2,17.85,16,16.925
יונדאי,סונטה,2018,בנזין,2,22.7,17,19.85
יונדאי,סונטה,2022,היברידי,2,20.2,20,20.1
יונדאי,סנטה פה,2012,בנזין,דיזל 2.2,0,10.8,10.8
יונדאי,סנטה פה,2013,בנזין,דיזל 2.2,13.9,10.2,12.05
יונדאי,סנטה פה,2015,בנזין,בנזין 2.4,11.2,8.5,9.85
יונדאי,סנטה פה,2016,בנזין,בנזין 2.4,11.2,9,10.1
יונדאי,סנטה פה,2019,בנזין,בנזין 2.4,10.7,10,10.35
יונדאי,סנטה פה,2020,בנזין,בנזין 2.4,10.7,10,10.35
יונדאי,קונה,2018,בנזין,1.6,14.9,11,12.95
יונדאי,קונה,2020,בנזין,1.6,15.7,11.5,13.6
יונדאי,קונה,2021,בנזין,1.6,15.1,13,14.05
יונדאי,קונה,2022,בנזין,1.6,14.9,12.5,13.7
יונדאי,קונה,2022,היברידי,1.6,25.6,21,23.3
לנד רובר,דיסקאברי ספורט,2018,בנזין,2.0 דיזל,18.8,12.5,15.65
לנד רובר,רינג'-רובר אבוק,2019,בנזין,בנזין 2.0,12.6,10,11.3
לקסוס,CT 200 h,2012,בנזין,1.8,0,18.3,18.3
לקסוס,GS,2018,בנזין,2.5,20.4,14.5,17.45
לקסוס,GS-300,2018,בנזין,2.5,20.4,14.5,17.45
לקסוס,IS,2011,בנזין,2.5,0,10.3,10.3
לקסוס,IS-300h,2014,בנזין,2.5,22.7,15.7,19.2
לקסוס,IS-300h,2016,בנזין,2.5,22.4,15.2,18.799999999999997
לקסוס,IS-300h,2018,בנזין,2.5,20.8,14.5,17.65
לקסוס,NX-300,2015,בנזין,2.5,19.2,13,16.1
לקסוס,NX-300H,2018,בנזין,2.5,17,12.5,14.75
לקסוס,NX-350h,2022,היברידי,2.5,17.5,15.5,16.5
לקסוס,RX-450,2011,בנזין,3.5,0,15.5,15.5
לקסוס,RX-450,2016,בנזין,3.5 בנזין,18.2,10.5,14.35
לקסוס,RX450h,2013,בנזין,3.5,16,11,13.5
מאזדה,2,2009,בנזין,1.5,0,11,11.0
מאזדה,2,2010,בנזין,1.5,0,11.2,11.2
מאזדה,2,2015,בנזין,1.5,17.5,12.8,15.15
מאזדה,2,2022,בנזין,1.5,15.8,14,14.9
מאזדה,2 דמיו,2015,בנזין,1.5,17.5,13.8,15.65
מאזדה,3,2009,בנזין,1.6,0,10.5,10.5
מאזדה,3,2010,בנזין,1.6,0,10.3,10.3
מאזדה,3,2014,בנזין,1.5,18,12.8,15.4
מאזדה,3,2014,בנזין,2,17.54,12.5,15.02
מאזדה,3,2015,בנזין,1.5,18.1,13,15.55
מאזדה,3,2016,בנזין,2,17.5,11,14.25
מאזדה,3,2017,בנזין,1.5,18.8,12.6,15.7
מאזדה,3,2017,בנזין,2,17.5,12.5,15.0
מאזדה,3,2019,בנזין,2,16,12.5,14.25
מאזדה,3,2020,בנזין,2,16,12.5,14.25
מאזדה,3,2022,בנזין,2,13.8,12.5,13.15
מאזדה,3 הצ'בק,2016,בנזין,1.5,18.1,12.7,15.4
מאזדה,5,2009,בנזין,2,0,9.4,9.4
מאזדה,5,2010,בנזין,2,0,9.6,9.6
מאזדה,6,2010,בנזין,2,0,10,10.0
מאזדה,6,2017,בנזין,2.5,15.1,11.2,13.149999999999999
מאזדה,6,2019,בנזין,2,15.2,13,14.1
מאזדה,6 סקיאקטיב,2013,בנזין,2,16.9,12.3,14.6
מאזדה,6 סקיאקטיב,2015,בנזין,2,16.9,13.5,15.2
מאזדה,CX3,2017,בנזין,2,16.4,12.5,14.45
מאזדה,CX3,2018,בנזין,2,16.4,13,14.7
מאזדה,CX30,2020,בנזין,2,15,12,13.5
מאזדה,CX5,2012,בנזין,בנזין 2.0,0,11,11.0
מאזדה,CX5,2015,בנזין,בנזין 2.5,13.7,10.5,12.1
מאזדה,CX5,2017,בנזין,בנזין 2.0,14.9,11.5,13.2
מאזדה,CX5,2018,בנזין,בנזין 2.0,14.9,12,13.45
מאזדה,CX5,2019,בנזין,בנזין 2.0,14.3,12,13.15
מאזדה,CX5,2021,בנזין,2,12.8,12,12.4
מיני,קופר ONE,2012,בנזין,1.6,0,11.7,11.7
מיצובישי,ASX,2018,בנזין,2,11.3,10,10.65
מיצובישי,ASX,2019,בנזין,2,13.7,11.5,12.6
מיצובישי,ASX,2020,בנזין,2,14.7,12.5,13.6
מיצובישי,אאוטלנדר,2015,בנזין,2,15.8,13,14.4
מיצובישי,אאוטלנדר,2016,בנזין,2.0 בנזין,15.87,13.3,14.585
מיצובישי,אאוטלנדר,2018,בנזין,2,15.8,12.8,14.3
מיצובישי,אאוטלנדר,2019,בנזין,2,14,12.5,13.25
מיצובישי,אאוטלנדר,2020,בנזין,2,14,11.5,12.75
מיצובישי,אאוטלנדר,2021,בנזין,2.5,11.5,10.5,11.0
מיצובישי,אאוטלנדר,2022,בנזין,2.5,11.5,11,11.25
מיצובישי,אטראג',2014,בנזין,1.2,20,15.5,17.75
מיצובישי,אטראג',2016,בנזין,1.2,20.4,15.5,17.95
מיצובישי,אטראג',2020,בנזין,1.2,20,16,18.0
מיצובישי,אקליפס קרוס,2018,בנזין,1.5,14.9,11,12.95
מיצובישי,אקליפס קרוס,2019,בנזין,1.5,20,15.5,17.75
מיצובישי,אקליפס קרוס,2020,בנזין,1.5,14.4,12,13.2
מיצובישי,גראנדיס,2010,בנזין,2.4,0,8.5,8.5
מיצובישי,טרייטון - L200,2015,בנזין,2.4 דיזל,13.9,11,12.45
מיצובישי,טרייטון - L200,2016,בנזין,2.4 דיזל,13.8,11,12.4
מיצובישי,לנסר,2009,בנזין,1.5,0,10.4,10.4
מיצובישי,לנסר,2010,בנזין,1.5,0,11.2,11.2
מיצובישי,לנסר,2010,בנזין,1.8,0,10.7,10.7
מיצובישי,ספייס סטאר,2013,בנזין,1.2,20,16.2,18.1
מיצובישי,ספייס סטאר,2020,בנזין,1.2,20.1,16,18.05
מיצובישי,ספייס סטאר,2022,בנזין,1.2,18.3,16,17.15
מיצובישי,פאג'רו ארוך,2012,בנזין,דיזל 3.2,0,8.7,8.7
מיצובישי,פאג'רו ארוך,2016,בנזין,דיזל 3.2,10.7,8,9.35
מרצדס,B-180,2015,בנזין,1.6 טורבו,16.5,12.5,14.5
מרצדס,C-180,2015,בנזין,1.6 טורבו,17.8,13,15.4
מרצדס,C-180,2019,בנזין,1.6 טורבו,15.3,12,13.65
מרצדס,C-200,2019,בנזין,1.5 טורבו,15.3,11,13.15
מרצדס,C-300 קופה,2019,בנזין,2,15,10.5,12.75
מרצדס,C-350E,2018,בנזין,2,41,16.5,28.75
מרצדס,GLA,2015,בנזין,1.6,16.9,12,14.45
מרצדס,GLA 200,2019,בנזין,1.6,15.1,12,13.55
מרצדס,סמארט,2011,בנזין,1,0,14.3,14.3
ניסאן,NV 200,2012,בנזין,דיזל 1.5,0,16.5,16.5
ניסאן,אלטימה,2014,בנזין,2.5,12,13.3,12.65
ניסאן,אלטימה,2016,בנזין,2.5,13.7,11.5,12.6
ניסאן,אלטימה,2019,בנזין,2.5,13.2,11.5,12.35
ניסאן,אלטימה,2020,בנזין,2.5,13.5,11.5,12.5
ניסאן,אקו מיקרה,2011,בנזין,1.2,0,15,15.0
ניסאן,אקס טרייל,2016,בנזין,1.6 דיזל,19.6,12.6,16.1
ניסאן,אקס טרייל,2017,בנזין,1.6 דיזל,19.6,13,16.3
ניסאן,אקס טרייל,2019,בנזין,1.3 בנזין,15,11.5,13.25
ניסאן,אקס טרייל,2020,בנזין,1.3,15,11.5,13.25
ניסאן,אקס טרייל,2021,בנזין,1.3,12,11.5,11.75
ניסאן,ג'וק,2011,בנזין,1.6,0,11.6,11.6
ניסאן,ג'וק,2014,בנזין,1.6,15.8,12,13.9
ניסאן,טידה,2009,בנזין,1.6,0,12.7,12.7
ניסאן,מיקרה,2018,בנזין,1.2,18.5,14,16.25
ניסאן,מקסימה,2015,בנזין,3.5,9.3,8.5,8.9
ניסאן,מקסימה,2016,בנזין,3.5,9.4,9,9.2
ניסאן,סנטרה,2016,בנזין,1.8,14.7,13,13.85
ניסאן,סנטרה,2018,בנזין,1.8,14.7,12.5,13.6
ניסאן,סנטרה,2019,בנזין,1.8,11.3,12.7,12.0
ניסאן,סנטרה,2020,בנזין,1.8,15,12.5,13.75
ניסאן,סנטרה,2020,בנזין,2,14,12.5,13.25
ניסאן,סנטרה,2021,בנזין,2,16.1,12.5,14.3
ניסאן,קשקאי,2010,בנזין,2,0,10,10.0
ניסאן,קשקאי,2016,בנזין,1.2 בנזין,17.8,10.8,14.3
ניסאן,קשקאי,2016,בנזין,1.6 דיזל,20.4,12.4,16.4
ניסאן,קשקאי,2017,בנזין,1.2 בנזין,17.8,11.5,14.65
ניסאן,קשקאי,2017,בנזין,1.6 דיזל,21.2,13.5,17.35
ניסאן,קשקאי,2018,בנזין,1.6 דיזל,21.2,13.5,17.35
ניסאן,קשקאי,2019,בנזין,1.3 בנזין,18.5,14.5,16.5
ניסאן,קשקאי,2019,בנזין,1.5 דיזל,25,18,21.5
ניסאן,קשקאי,2020,בנזין,1.3 בנזין,17.7,14,15.85
סאניונג,רודיוס,2009,בנזין,דיזל 2.7,0,10.2,10.2
סאניונג,רודיוס,2013,בנזין,דיזל 2.0,12.8,9.5,11.15
סאניונג,רקסטון,2018,בנזין,2.2  דיזל,12,10,11.0
סובארו,B3,2009,בנזין,1.6,0,10,10.0
סובארו,B4,2009,בנזין,2,0,8.7,8.7
סובארו,B4,2011,בנזין,2,0,10.4,10.4
סובארו,B4,2016,בנזין,2.5,14.4,11,12.7
סובארו,XV,2012,בנזין,2,0,11.5,11.5
סובארו,XV,2014,בנזין,1.6,15.8,0.1,7.95
סובארו,XV,2016,בנזין,2,15.3,10.7,13.0
סובארו,XV,2018,בנזין,1.6,15.6,11.8,13.7
סובארו,XV,2018,בנזין,2,17.2,11.7,14.45
סובארו,אאוטבק,2010,בנזין,2.5,0,9.6,9.6
סובארו,אימפרזה,2014,בנזין,1.6,17.2,12.5,14.85
סובארו,אימפרזה,2017,בנזין,1.6,16.1,12,14.05
סובארו,פורסטר,2011,בנזין,2,0,11,11.0
סובארו,פורסטר,2013,בנזין,2,10.6,15.3,12.95
סובארו,פורסטר,2019,בנזין,2.5,12.2,10.5,11.35
סוזוקי,S קרוס,2022,היברידי,1.4,17.5,15,16.25
סוזוקי,SX4,2009,בנזין,1.6,0,12.3,12.3
סוזוקי,SX4,2010,בנזין,1.6,0,13,13.0
סוזוקי,SX4,2013,בנזין,1.6,15.6,13,14.3
סוזוקי,SX4  הצ'בק,2011,בנזין,1.6,0,12.8,12.8
סוזוקי,איגניס,2017,בנזין,1.25,20.8,16.5,18.65
סוזוקי,אלטו,2011,בנזין,1,0,15.7,15.7
סוזוקי,באלנו,2016,בנזין,1.2,21.2,15.5,18.35
סוזוקי,באלנו,2018,בנזין,1.2,21.2,16,18.6
סוזוקי,באלנו,2019,בנזין,1.2,21.2,16,18.6
סוזוקי,באלנו,2020,בנזין,1.2,21.2,16,18.6
סוזוקי,ג'ימיני,2019,בנזין,1.5,13.3,11.5,12.4
סוזוקי,גראד ויטרה,2010,בנזין,2.4,0,8.7,8.7
סוזוקי,ויטארה,2015,בנזין,1.6,18.1,14.3,16.200000000000003
סוזוקי,ויטארה,2019,בנזין,1,17.5,15,16.25
סוזוקי,ויטארה,2019,בנזין,1.4,16.9,14.5,15.7
סוזוקי,ויטארה,2020,בנזין,1.4,16.9,14.5,15.7
סוזוקי,ויטארה,2021,היברידי,1.4,17.5,15.5,16.5
סוזוקי,ויטארה,2022,היברידי,1.4,17.5,15.5,16.5
סוזוקי,סוויפט,2009,בנזין,1.2,22.3,18,20.15
סוזוקי,סוויפט,2009,בנזין,1.5,0,14.5,14.5
סוזוקי,סוויפט,2011,בנזין,1.3,0,13.8,13.8
סוזוקי,סוויפט,2020,בנזין היברידי,1.2,18.5,16,17.25
סוזוקי,סוויפט,2021,היברידי,1.2,18.5,15.5,17.0
סוזוקי,סופר סוויפט,2015,בנזין,1.25,17.8,14,15.9
סוזוקי,סופר סוויפט,2017,בנזין,1.25,21.2,15.8,18.5
סוזוקי,סופר סוויפט,2018,בנזין,1.25,21.2,16,18.6
סוזוקי,סופר סוויפט,2019,בנזין,1.25,21.2,16,18.6
סוזוקי,סלריו,2016,בנזין,1,23.2,17,20.1
סוזוקי,ספלאש,2010,בנזין,1.24,0,14.3,14.3
סוזוקי,קרוסאובר,2013,בנזין,1.6,18.1,13.5,15.8
סוזוקי,קרוסאובר,2015,בנזין,1.6,17.5,13.5,15.5
סוזוקי,קרוסאובר,2017,בנזין,1.4,18.5,13.3,15.9
סוזוקי,קרוסאובר,2018,בנזין,1.4,18.5,14.5,16.5
סוזוקי,קרוסאובר,2019,בנזין,1.4,18.5,14.5,16.5
סוזוקי,קרוסאובר,2020,בנזין,1.4,18.5,14.5,16.5
סוזוקי,קרוסאובר,2021,היברידי,בנזין 1.4,17.5,15.5,16.5
סוזוקי,קרוסאובר,2022,היברידי,1.4,17.5,14,15.75
סיאט,אטקה,2017,בנזין,1.4,18.2,13,15.6
סיאט,אטקה,2019,בנזין,1.4,17.5,13,15.25
סיאט,אטקה,2020,בנזין,1.5,17.4,13,15.2
סיאט,אטקה,2021,בנזין,1.5,17.4,13,15.2
סיאט,איביזה,2015,בנזין,1,22.7,16,19.35
סיאט,איביזה,2015,בנזין,1.2,19.2,13,16.1
סיאט,איביזה,2018,בנזין,1,21.2,15.5,18.35
סיאט,איביזה,2021,בנזין,1,16.9,14,15.45
סיאט,איביזה,2022,בנזין,1.5,16.1,14,15.05
סיאט,אלהמברה,2013,בנזין,1.4 בנזין טורבו,13.1,11,12.05
סיאט,ארונה,2018,בנזין,1,20,14.5,17.25
סיאט,ארונה,2019,בנזין,1,20,15.5,17.75
סיאט,ארונה,2022,בנזין,1,16.6,13.5,15.05
סיאט,טולדו,2014,בנזין,1.4,17.2,14,15.6
סיאט,ליאון סטישן אוטו,2014,בנזין,1.2 TSI,20,15,17.5
סיטרואן,C-אליזה,2013,בנזין,1.6,0,10.6,10.6
סיטרואן,C1,2012,בנזין,1,20,16,18.0
סיטרואן,C1,2014,בנזין,1,23.8,15,19.4
סיטרואן,C3,2010,בנזין,1.6,0,11.4,11.4
סיטרואן,C3,2012,בנזין,1.6 דיזל,0,16,16.0
סיטרואן,C3,2017,בנזין,1.2 בנזין,20.4,14.4,17.4
סיטרואן,C3,2019,בנזין,1.2,20.4,14,17.2
סיטרואן,C3,2022,בנזין,1.2,16.6,14,15.3
סיטרואן,C3 איר קרוס,2018,בנזין,1.2 בנזין,17.8,13,15.4
סיטרואן,C3 פיקאסו,2011,בנזין,1.4 בנזין,0,14.5,14.5
סיטרואן,C3 פיקאסו,2012,בנזין,1.6 דיזל,0,16.5,16.5
סיטרואן,C4,2010,בנזין,1.6,0,10.2,10.2
סיטרואן,C4,2011,בנזין,1.6,0,11.5,11.5
סיטרואן,C4,2015,בנזין,1.2,20.4,14.5,17.45
סיטרואן,C4,2021,בנזין,1.2,16.6,13,14.8
סיטרואן,C4 ספייס טורר,2018,בנזין,1.2 בנזין,19.6,12.5,16.05
סיטרואן,C4 ספייס טורר,2019,בנזין,1.2,19.6,13,16.3
סיטרואן,C4 ספייס טורר,2020,בנזין,1.2,19.6,13,16.3
סיטרואן,C4 פיקאסו,2009,בנזין,2,0,9.5,9.5
סיטרואן,C4 פיקאסו,2010,בנזין,1.6,0,10.5,10.5
סיטרואן,C4 פיקאסו,2012,בנזין,1.6,0,11,11.0
סיטרואן,C4 פיקאסו,2014,בנזין,1.6 בנזין,17.8,11.6,14.7
סיטרואן,C4 פיקאסו,2014,בנזין,2.0 דיזל,22.2,16,19.1
סיטרואן,C4 פיקאסו,2016,בנזין,1.6 בנזין,17.9,12.3,15.1
סיטרואן,C4 פיקאסו,2017,בנזין,1.6 דיזל,25,14,19.5
סיטרואן,C5,2010,בנזין,2,0,8.7,8.7
סיטרואן,C5,2010,בנזין,3,0,8.4,8.4
סיטרואן,C5,2011,בנזין,1.6,0,10.5,10.5
סיטרואן,C5 אייר קרוס,2019,בנזין,1.6,17.5,12.5,15.0
סיטרואן,DS-4,2013,בנזין,1.6,12,10.5,11.25
סיטרואן,DS-5,2012,בנזין,1.6,0,9.2,9.2
סיטרואן,ברלינגו,2010,בנזין,דיזל 1.6,0,12.5,12.5
סיטרואן,ברלינגו,2016,בנזין,"דיזל 1.6 75 כ""ס",23.3,14.5,18.9
סיטרואן,ברלינגו,2018,בנזין,דיזל 1.6 אוטומט,23.8,15.5,19.65
סיטרואן,ג'מפי,2010,בנזין,דיזל 1.6,0,11.7,11.7
סיטרואן,ג'מפי קומבי,2010,בנזין,דיזל 1.6,0,11.7,11.7
סיטרואן,גראנד ספייס טורר C4,2021,בנזין,1.2,14.7,12,13.35
סיטרואן,קקטוס,2015,בנזין,1.2,21.7,13.5,17.6
סיטרואן,קקטוס,2017,בנזין,1.2,21.7,13.8,17.75
סיטרואן,קקטוס,2019,בנזין,1.2,19.6,14.5,17.05
סניונג,טיבולי,2016,בנזין,1.6,13.8,12,12.9
סקודה,אוקטביה,2010,בנזין,1.6,0,11.3,11.3
סקודה,אוקטביה,2014,בנזין,1.4,20,15.5,17.75
סקודה,אוקטביה,2014,בנזין,1.8,17.5,12,14.75
סקודה,אוקטביה,2019,בנזין,1,21.7,11.5,16.6
סקודה,אוקטביה,2019,בנזין,1.5,20,15,17.5
סקודה,אוקטביה,2020,בנזין,1,22.4,14.5,18.45
סקודה,אוקטביה,2020,בנזין,1.5,20,15,17.5
סקודה,אוקטביה,2021,בנזין,1.5,17.8,14,15.9
סקודה,אוקטביה ספייס,2014,בנזין,1.2,20,13.3,16.65
סקודה,ייטי,2011,בנזין,1.2,0,12.7,12.7
סקודה,סופרב,2010,בנזין,1.8,0,11,11.0
סקודה,סופרב,2013,בנזין,1.8,13.4,11.8,12.600000000000001
סקודה,סופרב,2015,בנזין,1.4,19.6,14,16.8
סקודה,סופרב,2015,בנזין,1.8,17.5,12.7,15.1
סקודה,סופרב,2017,בנזין,1.4,19.6,14,16.8
סקודה,סופרב,2017,בנזין,1.8,15.5,13,14.25
סקודה,סופרב,2018,בנזין,1.4,18.8,14,16.4
סקודה,סופרב,2018,בנזין,1.8,16.9,13,14.95
סקודה,סופרב,2019,בנזין,1.5,18.3,13,15.65
סקודה,סופרב,2020,בנזין,2,16,13,14.5
סקודה,סופרב,2021,בנזין,2,13.8,13,13.4
סקודה,סיטיגו,2013,בנזין,1,22.7,15,18.85
סקודה,סקאלה,2020,בנזין,1,19.6,15,17.3
סקודה,סקאלה,2021,בנזין,1,17.5,14.5,16.0
סקודה,פאביה,2011,בנזין,1.2,0,13.8,13.8
סקודה,פאביה,2015,בנזין,1.2,22.2,13.5,17.85
סקודה,פאביה,2018,בנזין,1,18.5,14.5,16.5
סקודה,פאביה,2022,בנזין,1,16.9,15,15.95
סקודה,קאמיק,2020,בנזין,1,20,14.5,17.25
סקודה,קאמיק,2021,בנזין,1,17,14.5,15.75
סקודה,קאמיק,2021,בנזין,1.5,15.8,14,14.9
סקודה,קארוק,2018,בנזין,1,18.8,14,16.4
סקודה,קארוק,2018,בנזין,1.5,18.1,13.5,15.8
סקודה,קארוק,2019,בנזין,1.5,17.8,14,15.9
סקודה,קארוק,2020,בנזין,1.5,17.8,14,15.9
סקודה,קארוק,2021,בנזין,1.5,15.1,13,14.05
סקודה,קודיאק,2017,בנזין,1.4,15.8,11,13.4
סקודה,קודיאק,2019,בנזין,1.5,15.8,13,14.4
סקודה,קודיאק,2019,בנזין,2.0 דיזל,20,15,17.5
סקודה,קודיאק,2020,בנזין,1.5,15.8,13,14.4
סקודה,קודיאק,2021,בנזין,1.5,13,12,12.5
סקודה,ראפיד,2013,בנזין,1.4,17.2,13.5,15.35
סקודה,ראפיד,2016,בנזין,1.2,21.7,14.5,18.1
סקודה,ראפיד,2017,בנזין,1,21.7,14.7,18.2
סקודה,ראפיד,2017,בנזין,1.2,21.7,14.5,18.1
סקודה,רומסטר,2010,בנזין,1.6,0,9.3,9.3
סקודה,רומסטר,2014,בנזין,1.2,18.5,13,15.75
פולקסווגן,ג'טה,2010,בנזין,1.6,0,12.2,12.2
פולקסווגן,ג'טה,2011,בנזין,1.4 TSI בנזין,0,12.5,12.5
פולקסווגן,ג'טה,2012,בנזין,1.2 TSI בנזין,0,11.6,11.6
פולקסווגן,ג'טה,2015,בנזין,1.2 TSI בנזין,20.4,14,17.2
פולקסווגן,ג'טה,2017,בנזין,1.2 TSI בנזין,20.4,14.5,17.45
פולקסווגן,גולף,2015,בנזין,1.4,20,13.3,16.65
פולקסווגן,גולף,2017,בנזין,1.4,20,14,17.0
פולקסווגן,גולף- חדש,2017,בנזין,1.4,19.6,14.2,16.9
פולקסווגן,חיפושית,2014,בנזין,1.2 TSI בנזין,16.9,13.5,15.2
פולקסווגן,טוראן,2011,בנזין,1.4,0,11.4,11.4
פולקסווגן,טי קרוס,2020,בנזין,1,20,14.5,17.25
פולקסווגן,טיגואן,2015,בנזין,1.4,14,11,12.5
פולקסווגן,טיגואן,2017,בנזין,2,13.5,10,11.75
פולקסווגן,טרנספורטר,2012,בנזין,2,0,11.8,11.8
פולקסווגן,פאסאט,2009,בנזין,2,0,9,9.0
פולקסווגן,פאסאט,2011,בנזין,1.8,0,12.4,12.4
פולקסווגן,פאסאט,2011,בנזין,2,0,12,12.0
פולקסווגן,פאסאט,2012,בנזין,1.8,14.4,12.2,13.3
פולקסווגן,פאסאט,2015,בנזין,1.4,19.2,13,16.1
פולקסווגן,פאסאט,2018,בנזין,1.8,17.5,13,15.25
פולקסווגן,פולו,2011,בנזין,1.2,0,13.3,13.3
פולקסווגן,פולו,2015,בנזין,1.2,21.2,14.2,17.7
פולקסווגן,פולו,2018,בנזין,1,21.2,15,18.1
פולקסווגן,קאדי,2012,בנזין,בנזין TSI 1.2,0,10.5,10.5
פורד,S-MAX,2010,בנזין,2.3,0,8.8,8.8
פורד,אדג',2009,בנזין,3.5,0,6.8,6.8
פורד,אדג',2012,בנזין,3.5,0,7.2,7.2
פורד,אדג',2016,בנזין,3.5,8.5,8,8.25
פורד,אקספלורר,2012,בנזין,3.5,8.3,7.3,7.800000000000001
פורד,גאלקסי,2010,בנזין,2.3,0,8.6,8.6
פורד,מונדיאו,2010,בנזין,2.3,0,9.3,9.3
פורד,מונדיאו,2012,בנזין,2,0,10,10.0
פורד,פוקוס,2010,בנזין,1.6,0,9.8,9.8
פורד,פוקוס 4 דלתות,2011,בנזין,1.6,0,11.3,11.3
פורד,פוקוס 5 דל' ידני,2011,בנזין,1.6,0,11.4,11.4
פורד,פוקוס אקטיב X,2020,בנזין,1.5,17.3,13,15.15
פורד,פוקוס טורר,2011,בנזין,1.6,0,11,11.0
פורד,פוקוס טורר,2016,בנזין,1.5,16.1,10.5,13.3
פורד,פיאסטה,2009,בנזין,1.4,0,11.6,11.6
פורד,פיאסטה,2013,בנזין,1.6,15.5,13,14.25
פורד,קוגה,2013,בנזין,1.6,12.9,8.8,10.850000000000001
פורד,קוגה,2016,בנזין,1.5,14.9,9,11.95
פורד,קוגה,2017,בנזין,1.5,14.9,9,11.95
פורד,קוגה,2019,בנזין,1.5,11,10,10.5
פיאט,500,2010,בנזין,1.2,0,14,14.0
פיאט,500,2016,בנזין,1.2,20.8,15.2,18.0
פיאט,500 X,2016,בנזין,1.4,17.5,12,14.75
פיאט,בראבו,2011,בנזין,1.4,0,11.5,11.5
פיאט,טיפו,2016,בנזין,1.6,15.8,11.5,13.65
פיג'ו,107,2010,בנזין,1,0,14,14.0
פיג'ו,107,2012,בנזין,1,0,19.5,19.5
פיג'ו,2008,2015,בנזין,1.6,15.3,11.5,13.4
פיג'ו,2008,2019,בנזין,1.2,20.8,14.5,17.65
פיג'ו,2008 חדש,2020,בנזין,1.2 בנזין,20.8,14.5,17.65
פיג'ו,2008 חדש,2020,בנזין,1.5 דיזל,26.3,17.5,21.9
פיג'ו,2008 חדש,2022,בנזין,1.2,16.4,14,15.2
פיג'ו,208,2013,בנזין,1.6,14.9,12.2,13.55
פיג'ו,208,2015,בנזין,1.2,20,13.5,16.75
פיג'ו,208,2019,בנזין,1.2,19.5,13.5,16.5
פיג'ו,208,2021,בנזין,1.2,18.8,13.5,16.15
פיג'ו,3008,2015,בנזין,1.6,16.6,10.8,13.700000000000001
פיג'ו,3008,2017,בנזין,1.6 בנזין,17,13.4,15.2
פיג'ו,3008,2017,בנזין,1.6 דיזל,23,15,19.0
פיג'ו,3008,2018,בנזין,1.6 דיזל,23.8,15.5,19.65
פיג'ו,3008,2019,בנזין,1.2,19.2,13.5,16.35
פיג'ו,3008,2020,בנזין,1.2,19,13.5,16.25
פיג'ו,3008,2021,בנזין,1.2,15.3,12.5,13.9
פיג'ו,3008,2022,בנזין,1.2,15.6,12.5,14.05
פיג'ו,301,2013,בנזין,1.6,12.8,10,11.4
פיג'ו,301,2016,בנזין,1.6,14,10.6,12.3
פיג'ו,308,2010,בנזין,1.6,0,10.4,10.4
פיג'ו,308,2014,בנזין,1.2,19.2,15,17.1
פיג'ו,308 SW,2010,בנזין,1.6,0,8.9,8.9
פיג'ו,308 SW,2015,בנזין,1.2,19.2,13.5,16.35
פיג'ו,308 SW,2017,בנזין,1.2,19.2,13,16.1
פיג'ו,308 SW,2018,בנזין,1.2,20.4,13,16.7
פיג'ו,407,2010,בנזין,1.2,14.9,12.5,13.7
פיג'ו,407,2010,בנזין,2,0,8.5,8.5
פיג'ו,5008,2011,בנזין,1.6,0,10,10.0
פיג'ו,5008,2018,בנזין,בנזין  1.6,17.2,12.5,14.85
פיג'ו,5008,2019,בנזין,בנזין  1.2,17.5,12,14.75
פיג'ו,5008,2019,בנזין,בנזין  1.6,17.5,12,14.75
פיג'ו,5008,2020,בנזין,בנזין 1.2,20,13,16.5
פיג'ו,5008,2022,בנזין,1.2,14.9,12.5,13.7
פיג'ו,508,2011,בנזין,1.6,0,11.5,11.5
פיג'ו,508,2015,בנזין,1.6,17.2,13,15.1
פיג'ו,"RCZ ת""ה ידנית",2011,בנזין,1.6,0,10.6,10.6
פיג'ו,פרטנר,2010,בנזין,דיזל 1.4,0,11,11.0
קאדילק,CTS,2011,בנזין,3,0,7.7,7.7
קאדילק,XT-5,2018,בנזין,3.6,9,8.5,8.75
קופרה,פורמנטור,2021,בנזין,1.5,14.5,12,13.25
קיה,אופטימה,2012,בנזין,2.0 בנזין,0,11.5,11.5
קיה,אופטימה,2018,בנזין,2,22.7,16.5,19.6
קיה,אקס סיד,2020,בנזין,1.4,16.5,13,14.75
קיה,מג'נטיס,2009,בנזין,2,0,8.4,8.4
קיה,נירו,2016,בנזין,1.6,26,19.5,22.75
קיה,נירו,2016,בנזין,1.6 היברידי,26,19.5,22.75
קיה,נירו,2017,בנזין,1.6,26,19.5,22.75
קיה,נירו,2018,בנזין,1.6,26.3,19.7,23.0
קיה,נירו,2019,בנזין,1.6,27,20,23.5
קיה,נירו,2020,היברידי,1.6,27,20,23.5
קיה,נירו פלאג-אין,2022,היברידי,1.6,71,28,49.5
קיה,סול,2011,בנזין,1.6,0,10.1,10.1
קיה,סול,2014,בנזין,1.6,13,12,12.5
קיה,סורנטו,2012,בנזין,2.2 דיזל,14.9,12.5,13.7
קיה,סורנטו,2012,בנזין,2.4 בנזין,11.6,8.4,10.0
קיה,סורנטו,2015,בנזין,2.4 בנזין,11.4,10.5,10.95
קיה,סורנטו,2018,בנזין,2.4 בנזין,11.3,9.5,10.4
קיה,סורנטו,2022,בנזין,2.5,11.5,10,10.75
קיה,סטוניק,2018,בנזין,1,19.2,13.5,16.35
קיה,סטוניק,2019,בנזין,1,19.2,14,16.6
קיה,סטוניק,2021,בנזין,1,17.5,14,15.75
קיה,סטוניק,2022,בנזין,1.4,15.1,12.5,13.8
קיה,סיד,2010,בנזין,1.6,0,11.4,11.4
קיה,סיד,2013,בנזין,1.6 GDI,16.4,13.3,14.85
קיה,סיד CW,2010,בנזין,1.6,0,11,11.0
קיה,סיד CW,2013,בנזין,1.6 GDI,15.8,13,14.4
קיה,סיד CW,2016,בנזין,1.6 דיזל,22.7,14.5,18.6
קיה,סיד SW,2017,בנזין,1.6 בנזין,15.8,14,14.9
קיה,סיד X,2020,בנזין,1.4,16.5,14,15.25
קיה,סלטוס,2020,בנזין,2,13,12,12.5
קיה,סלטוס,2021,בנזין,2,13.1,13,13.05
קיה,ספורטאג',2011,בנזין,2,0,9,9.0
קיה,ספורטאג',2014,בנזין,2,12.8,10.2,11.5
קיה,ספורטאג',2015,בנזין,1.6,11.36,10,10.68
קיה,ספורטאג',2016,בנזין,1.6,13.6,10.4,12.0
קיה,ספורטאג',2016,בנזין,1.6 טורבו 4X4,13.3,11,12.15
קיה,ספורטאג',2016,בנזין,2,12.6,10,11.3
קיה,ספורטאג',2018,בנזין,1.6,13.6,11,12.3
קיה,ספורטאג',2018,בנזין,2,12.6,10.5,11.55
קיה,ספורטאג',2019,בנזין,2,11.9,11,11.45
קיה,ספורטאג',2020,בנזין,2,11.9,11,11.45
קיה,ספורטאג',2021,בנזין,2,11.7,10.5,11.1
קיה,ספורטאג',2022,בנזין,1.6,13,11,12.0
קיה,פורטה,2010,בנזין,1.6,0,11.6,11.6
קיה,פורטה,2011,בנזין,1.6 (6 הילוכים),0,12,12.0
קיה,פורטה,2013,בנזין,1.6,14.3,12,13.15
קיה,פורטה,2016,בנזין,1.6,14.7,12.5,13.6
קיה,פיקנטו,2011,בנזין,1.25,0,13,13.0
קיה,פיקנטו,2015,בנזין,1,18.5,14.2,16.35
קיה,פיקנטו,2016,בנזין,1.25,18.5,13.7,16.1
קיה,פיקנטו,2017,בנזין,1.25,18.5,13.5,16.0
קיה,פיקנטו,2018,בנזין,1.25,18.4,15,16.7
קיה,פיקנטו,2021,בנזין,1.2,17.2,16,16.6
קיה,קארנס,2013,בנזין,2,12.6,9.7,11.149999999999999
קיה,קארנס,2015,בנזין,2,12.6,9.8,11.2
קיה,קארנס,2016,בנזין,2.0 בנזין,12.6,10,11.3
קיה,קרניבל,2009,בנזין,דיזל 2.9,0,8,8.0
קיה,קרניבל,2010,בנזין,בנזין 2.7,0,7.9,7.9
קיה,קרניבל,2016,בנזין,בנזין 3.3,8.9,7.5,8.2
קיה,קרניבל,2018,בנזין,בנזין 3.3,8.9,7.5,8.2
קיה,ריו,2010,בנזין,1.4,0,10,10.0
קיה,ריו 4 דל',2016,בנזין,1.4,15.3,12.5,13.9
קיה,ריו 4 דל',2017,בנזין,1.6,15.8,11.8,13.8
קיה,ריו 5 דל',2016,בנזין,1.4,15.8,12.5,14.15
קרייזלר,גראנד ואיג'ר,2012,בנזין,3.8,0,7,7.0
רנו,גראנד טורר SW,2019,בנזין,1.5 דיזל,23.8,18,20.9
רנו,גראנד טורר SW,2020,בנזין,1.5 דיזל,23.8,18,20.9
רנו,גראנד סניק,2011,בנזין,2.0 בנזין,0,8.5,8.5
רנו,גראנד סניק,2012,בנזין,1.5 דיזל,21,15.4,18.2
רנו,גראנד סניק,2013,בנזין,2.0 בנזין,12.3,10,11.15
רנו,גראנד סניק,2020,בנזין,1.3 בנזין,16.6,12,14.3
רנו,גרנד קופה,2017,בנזין,1.2,18.5,13,15.75
רנו,גרנד קופה,2019,בנזין,1.33 בנזין,16.9,14,15.45
רנו,לוגאן אוטומטי,2010,בנזין,1.6,0,9.7,9.7
רנו,לוגאן ידני,2009,בנזין,1.6,0,9.5,9.5
רנו,לטיטוד,2013,בנזין,2.0 דיזל,14.4,12.5,13.45
רנו,מגאן,2009,בנזין,1.6,0,10.8,10.8
רנו,מגאן אסטייט,2014,בנזין,1.2,17.8,12,14.9
רנו,פלואנס,2010,בנזין,1.6,0,9.8,9.8
רנו,פלואנס,2011,בנזין,2,0,10.5,10.5
רנו,פלואנס,2013,בנזין,1.6,15.6,12,13.8
רנו,פלואנס,2016,בנזין,1.5,22.7,17.5,20.1
רנו,קאדג'ר,2017,בנזין,1.2 בנזין,18,11,14.5
רנו,קליאו,2010,בנזין,1.6,0,11.4,11.4
רנו,קליאו,2013,בנזין,1.2 בנזין,19.2,13.5,16.35
רנו,קליאו,2017,בנזין,1.2,18.5,12.5,15.5
רנו,קליאו,2020,בנזין,1,18.8,14,16.4
רנו,קליאו,2020,בנזין,1.3,12,10.5,11.25
רנו,קליאו,2021,בנזין,1,15.3,14,14.65
רנו,קליאו אסטייט,2016,בנזין,1.5 דיזל,28.5,17.5,23.0
רנו,קנגו,2019,בנזין,דיזל 1.5,20,15,17.5
רנו,קפצ'ור,2014,בנזין,1.2,18.5,13.3,15.9
רנו,קפצ'ור,2016,בנזין,1.2,18.1,12.5,15.3
שברולט,אויאו 4 דלתות,2009,בנזין,1.4,0,11.4,11.4
שברולט,אויאו 5 דלתות,2009,בנזין,1.4,0,12.5,12.5
שברולט,אופטרה,2009,בנזין,1.6,0,9.5,9.5
שברולט,אורלנדו,2014,בנזין,1.4 בנזין,14,10.5,12.25
שברולט,אורלנדו,2016,בנזין,1.4 בנזין,14,10,12.0
שברולט,אורלנדו,2017,בנזין,1.4 בנזין,14,11,12.5
שברולט,אימפלה,2016,בנזין,3.6,9.7,8,8.85
שברולט,אפיקה,2009,בנזין,2.4,0,8.4,8.4
שברולט,אפלנדר,2009,בנזין,3.9,0,7,7.0
שברולט,אקוינוקס,2018,בנזין,1.5,12.1,10.5,11.3
שברולט,אקוינוקס,2020,בנזין,1.5,12,10.5,11.25
שברולט,טראוורס,2010,בנזין,3.6,0,8,8.0
שברולט,טראוורס,2018,בנזין,3.6,8.8,8,8.4
שברולט,טראוורס,2022,בנזין,3.6,9,8,8.5
שברולט,טראוורס LTZ,2016,בנזין,3.6,8.3,6.7,7.5
שברולט,טראקס,2013,בנזין,1.8,12.1,11,11.55
שברולט,טראקס,2015,בנזין,1.8,12.1,11,11.55
שברולט,טראקס,2016,בנזין,1.4,14.5,12.2,13.35
שברולט,טראקס,2017,בנזין,1.4,14.5,12.5,13.5
שברולט,טרייל-בלייזר,2020,בנזין,1.3,12,10.5,11.25
שברולט,טרייל-בלייזר,2021,בנזין,1.3,14.5,10.5,12.5
שברולט,טרייל-בלייזר,2022,בנזין,1.3,14.4,10.5,12.45
שברולט,מאליבו,2009,בנזין,3.5,0,8.6,8.6
שברולט,מאליבו,2010,בנזין,2.4,0,8.7,8.7
שברולט,מאליבו,2014,בנזין,2,12,9.7,10.85
שברולט,מאליבו,2016,בנזין,1.5,13.5,10.8,12.15
שברולט,מאליבו,2017,בנזין,1.5,13.5,11,12.25
שברולט,סוניק 4 דלתות,2011,בנזין,1.6,0,10.2,10.2
שברולט,סוניק 4 דלתות,2013,בנזין,1.6,14.3,11,12.65
שברולט,סוניק 5 דלתות,2011,בנזין,1.4,0,10.8,10.8
שברולט,ספארק,2016,בנזין,1.4,18.2,14,16.1
שברולט,ספארק,2017,בנזין,1.4,18,14.5,16.25
שברולט,ספארק,2019,בנזין,1.4,18,14,16.0
שברולט,ספארק,2020,בנזין,1.4,18,13,15.5
שברולט,קפטיבה,2011,בנזין,2.4,0,8.4,8.4
שברולט,קרוז,2010,בנזין,1.6,0,10,10.0
שברולט,קרוז,2010,בנזין,1.8,0,10.6,10.6
שברולט,קרוז,2011,בנזין,1.6,0,10.6,10.6
שברולט,קרוז,2012,בנזין,1.4 טורבו,0,11,11.0
שברולט,קרוז,2013,בנזין,1.6,14.2,10.2,12.2
שברולט,קרוז,2014,בנזין,1.4,14.7,12.5,13.6
שברולט,קרוז,2015,בנזין,1.4,14.7,12.5,13.6
שברולט,קרוז,2016,בנזין,1.4,14.4,12.5,13.45
שברולט,קרוז,2017,בנזין,1.4,14.4,12.6,13.5
שברולט,קרוז סטיישן,2013,בנזין,1.4,14.6,12,13.3
שברולט,קרוז סטיישן,2013,בנזין,1.8,14.2,11,12.6
